cruise,station,cast,niskin,replicate,filter_size,quality_flag
AR22,,1,1,a,>0,1
AR22,,1,1,b,>0,1
AR22,,1,2,a,>0,3
AR22,,1,2,b,>0,1
AR22,,1,3,a,>0,1
AR22,,1,3,b,>0,1
AR22,,1,4,a,>0,1
AR22,,1,4,b,>0,1
AR22,,1,4,a,<10,2
AR22,,1,4,b,<10,2
AR22,,2,1,a,>0,1
AR22,,2,1,b,>0,1
AR22,,2,2,a,>0,1
AR22,,2,2,b,>0,1
AR22,,2,3,a,>0,1
AR22,,2,3,b,>0,1
AR22,,2,4,a,>0,1
AR22,,2,4,b,>0,1
AR22,,2,5,a,>0,1
AR22,,2,5,b,>0,1
AR22,,2,6,a,>0,2
AR22,,2,6,b,>0,1
AR22,,2,6,a,<10,1
AR22,,2,6,b,<10,2
AR22,,3,1,a,>0,2
AR22,,3,1,b,>0,1
AR22,,3,2,a,>0,2
AR22,,3,2,b,>0,1
AR22,,3,3,a,>0,1
AR22,,3,3,b,>0,1
AR22,,3,4,a,>0,1
AR22,,3,4,b,>0,1
AR22,,3,5,a,>0,1
AR22,,3,5,b,>0,1
AR22,,3,6,a,>0,1
AR22,,3,6,b,>0,1
AR22,,3,6,a,<10,1
AR22,,4,1,a,>0,1
AR22,,4,1,b,>0,1
AR22,,4,2,a,>0,1
AR22,,4,2,b,>0,1
AR22,,4,3,a,>0,1
AR22,,4,3,b,>0,1
AR22,,4,4,a,>0,1
AR22,,4,4,b,>0,1
AR22,,4,5,a,>0,1
AR22,,4,5,b,>0,1
AR22,,4,6,a,>0,1
AR22,,4,6,b,>0,1
AR22,,4,6,a,<10,1
AR22,,4,6,b,<10,1
AR22,,5,1,a,>0,2
AR22,,5,1,b,>0,1
AR22,,5,2,a,>0,2
AR22,,5,2,b,>0,1
AR22,,5,3,a,>0,1
AR22,,5,3,b,>0,1
AR22,,5,4,a,>0,1
AR22,,5,4,b,>0,1
AR22,,5,5,a,>0,1
AR22,,5,5,b,>0,1
AR22,,5,6,a,>0,1
AR22,,5,6,b,>0,1
AR22,,5,6,a,<10,1
AR22,,5,6,b,<10,1
AR22,,6,1,a,>0,1
AR22,,6,1,b,>0,1
AR22,,6,2,a,>0,1
AR22,,6,2,b,>0,1
AR22,,6,3,a,>0,1
AR22,,6,3,b,>0,1
AR22,,6,4,a,>0,1
AR22,,6,4,b,>0,1
AR22,,6,5,a,>0,1
AR22,,6,5,b,>0,
AR22,,6,6,a,>0,1
AR22,,6,6,b,>0,1
AR22,,6,6,a,<10,1
AR22,,6,6,b,<10,1
AR22,,7,2,a,>0,1
AR22,,7,2,b,>0,1
AR22,,7,3,a,>0,1
AR22,,7,3,b,>0,1
AR22,,7,4,a,>0,1
AR22,,7,4,b,>0,1
AR22,,7,5,a,>0,1
AR22,,7,5,b,>0,1
AR22,,7,6,a,>0,1
AR22,,7,6,b,>0,1
AR22,,7,6,a,<10,1
AR22,,7,6,b,<10,1
AR22,,8,1,a,>0,1
AR22,,8,1,b,>0,1
AR22,,8,3,a,>0,1
AR22,,8,3,b,>0,1
AR22,,8,4,a,>0,1
AR22,,8,4,b,>0,1
AR22,,8,5,a,>0,1
AR22,,8,5,b,>0,1
AR22,,8,6,a,>0,1
AR22,,8,6,b,>0,1
AR22,,8,7,a,>0,1
AR22,,8,7,b,>0,1
AR22,,8,7,a,<10,1
AR22,,8,7,b,<10,1
AR22,,9,3,a,>0,2
AR22,,9,3,b,>0,2
AR22,,9,4,a,>0,1
AR22,,9,4,b,>0,1
AR22,,9,5,a,>0,1
AR22,,9,5,b,>0,1
AR22,,9,6,a,>0,1
AR22,,9,6,b,>0,1
AR22,,9,7,a,>0,1
AR22,,9,7,b,>0,1
AR22,,9,8,a,>0,1
AR22,,9,8,b,>0,1
AR22,,9,9,a,>0,1
AR22,,9,9,b,>0,1
AR22,,9,9,a,<10,1
AR22,,9,9,b,<10,1
AR22,,10,2,a,>0,1
AR22,,10,2,b,>0,1
AR22,,10,3,a,>0,1
AR22,,10,3,b,>0,1
AR22,,10,4,a,>0,1
AR22,,10,4,b,>0,1
AR22,,10,5,a,>0,1
AR22,,10,5,b,>0,1
AR22,,10,6,a,>0,1
AR22,,10,6,b,>0,1
AR22,,10,7,a,>0,1
AR22,,10,7,b,>0,1
AR22,,10,8,a,>0,1
AR22,,10,8,b,>0,1
AR22,,10,8,a,<10,1
AR22,,10,8,b,<10,1
AR22,,11,1,a,>0,1
AR22,,11,1,b,>0,1
AR22,,11,2,a,>0,1
AR22,,11,2,b,>0,1
AR22,,11,3,a,>0,1
AR22,,11,3,b,>0,1
AR22,,11,4,a,>0,1
AR22,,11,4,b,>0,1
AR22,,11,5,a,>0,1
AR22,,11,5,b,>0,1
AR22,,11,6,a,>0,1
AR22,,11,6,b,>0,3
AR22,,11,6,a,<10,1
AR22,,11,6,b,<10,1
AR22,,12,1,a,>0,1
AR22,,12,1,b,>0,1
AR22,,12,2,a,>0,1
AR22,,12,2,b,>0,1
AR22,,12,3,a,>0,1
AR22,,12,3,b,>0,1
AR22,,12,4,a,>0,1
AR22,,12,4,b,>0,1
AR22,,12,5,a,>0,1
AR22,,12,5,b,>0,1
AR22,,12,6,a,>0,1
AR22,,12,6,b,>0,1
AR22,,12,6,a,<10,1
AR22,,12,6,b,<10,1
AR24A,,1,2,a,>0,1
AR24A,,1,2,b,>0,1
AR24A,,1,3,a,>0,1
AR24A,,1,3,b,>0,1
AR24A,,1,5,a,>0,1
AR24A,,1,5,b,>0,1
AR24A,,1,7,a,>0,1
AR24A,,1,7,b,>0,
AR24A,,1,7,a,<10,1
AR24A,,1,7,b,<10,
AR24A,,2,1,a,>0,1
AR24A,,2,1,b,>0,1
AR24A,,2,2,a,>0,1
AR24A,,2,2,b,>0,1
AR24A,,2,3,a,>0,1
AR24A,,2,3,b,>0,1
AR24A,,2,6,a,>0,1
AR24A,,2,6,b,>0,1
AR24A,,2,6,a,<10,1
AR24A,,2,6,b,<10,1
AR24A,,5,1,a,>0,1
AR24A,,5,1,b,>0,1
AR24A,,5,2,a,>0,1
AR24A,,5,2,b,>0,1
AR24A,,5,3,a,>0,1
AR24A,,5,3,b,>0,1
AR24A,,5,4,a,>0,1
AR24A,,5,4,b,>0,1
AR24A,,5,6,a,>0,1
AR24A,,5,6,b,>0,1
AR24A,,5,8,a,>0,1
AR24A,,5,8,b,>0,1
AR24A,,5,8,a,<10,2
AR24A,,5,8,b,<10,2
AR24A,,6,1,a,>0,1
AR24A,,6,1,b,>0,1
AR24A,,6,2,a,>0,1
AR24A,,6,2,b,>0,1
AR24A,,6,3,a,>0,1
AR24A,,6,3,b,>0,1
AR24A,,6,3,a,<10,
AR24A,,6,3,b,<10,1
AR24A,,8,3,a,>0,2
AR24A,,8,3,b,>0,2
AR24A,,8,4,a,>0,1
AR24A,,8,4,b,>0,1
AR24A,,8,5,a,>0,1
AR24A,,8,5,b,>0,1
AR24A,,8,5,a,<10,1
AR24A,,8,5,b,<10,1
AR24A,,10,1,a,>0,
AR24A,,10,1,b,>0,
AR24A,,10,2,a,>0,
AR24A,,10,2,b,>0,
AR24A,,10,3,a,>0,1
AR24A,,10,3,b,>0,1
AR24A,,10,4,a,>0,
AR24A,,10,4,b,>0,1
AR24A,,10,5,a,>0,
AR24A,,10,5,b,>0,1
AR24A,,10,5,a,<10,1
AR24A,,10,5,b,<10,1
AR24A,,11,1,a,>0,1
AR24A,,11,1,b,>0,1
AR24A,,11,2,a,>0,1
AR24A,,11,2,b,>0,1
AR24A,,11,3,a,>0,1
AR24A,,11,3,b,>0,1
AR24A,,11,4,a,>0,1
AR24A,,11,4,b,>0,1
AR24A,,11,4,a,<10,1
AR24A,,11,4,b,<10,1
AR24A,,14,2,a,>0,1
AR24A,,14,2,b,>0,1
AR24A,,14,3,a,>0,1
AR24A,,14,3,b,>0,1
AR24A,,14,4,a,>0,1
AR24A,,14,4,b,>0,1
AR24A,,14,4,a,<10,1
AR24A,,14,4,b,<10,1
AR24A,,17,1,a,>0,1
AR24A,,17,1,b,>0,1
AR24A,,17,2,a,>0,1
AR24A,,17,2,b,>0,1
AR24A,,17,3,a,>0,1
AR24A,,17,3,b,>0,1
AR24A,,17,5,a,>0,1
AR24A,,17,5,b,>0,1
AR24A,,17,6,a,>0,1
AR24A,,17,6,b,>0,1
AR24A,,17,6,a,<10,1
AR24A,,17,6,b,<10,1
AR24B,L1,1,1,a,>0,1
AR24B,L1,1,1,b,>0,1
AR24B,L1,1,2,a,>0,1
AR24B,L1,1,2,b,>0,1
AR24B,L1,1,4,a,>0,
AR24B,L1,1,4,b,>0,
AR24B,L1,1,5,a,>0,
AR24B,L1,1,5,b,>0,
AR24B,L1,1,5,a,<10,2
AR24B,L1,1,5,b,<10,2
AR24B,L3,2,1,a,>0,1
AR24B,L3,2,1,b,>0,1
AR24B,L3,2,3,a,>0,1
AR24B,L3,2,3,b,>0,1
AR24B,L3,2,5,a,>0,1
AR24B,L3,2,5,b,>0,1
AR24B,L3,2,7,a,>0,1
AR24B,L3,2,7,b,>0,1
AR24B,L3,2,7,a,<10,1
AR24B,L3,2,7,c,>0,1
AR24B,L10,3,3,a,>0,1
AR24B,L10,3,5,a,>0,1
AR24B,L10,3,5,b,>0,1
AR24B,L10,3,7,a,>0,1
AR24B,L10,3,8,a,>0,1
AR24B,L10,3,10,a,>0,1
AR24B,L10,3,11,a,>0,1
AR24B,L10,3,12,a,>0,1
AR24B,L10,3,12,b,>0,
AR24B,L10,3,12,a,<10,1
AR24B,L10,3,12,b,<10,1
AR24B,,4,4,a,>0,1
AR24B,,4,4,b,>0,1
AR24B,,4,4-6,a,>0,1
AR24B,,4,4-6,b,>0,1
AR24B,,4,7,a,>0,1
AR24B,,4,9,a,>0,2
AR24B,,4,9-10,a,>0,1
AR24B,,4,9-10,b,>0,1
AR24B,,4,10,a,<10,1
AR24B,,4,10,b,<10,1
AR24B,,5,2,a,>0,1
AR24B,,5,3,a,>0,1
AR24B,,5,4,a,>0,1
AR24B,,5,5,a,>0,1
AR24B,,6,2,a,>0,1
AR24B,,6,3,a,>0,1
AR24B,,6,4,a,>0,1
AR24B,,6,5,a,>0,1
AR24B,L8,7,1,a,>0,1
AR24B,L8,7,2,a,>0,1
AR24B,L8,7,3,a,>0,1
AR24B,L8,7,4,a,>0,1
AR24B,L8,7,5,a,>0,1
AR24B,L8,7,6,a,>0,1
AR24B,L8,7,10,a,>0,1
AR24B,L8,7,10,b,>0,1
AR24B,L8,7,10,a,<10,1
AR24B,L8,7,10,b,<10,1
AR24B,,0,0,a,>0,2
AR24B,,0,0,b,>0,2
AR24B,,0,0,a,>0,1
AR24B,,8,4,a,>0,1
AR24B,,8,6,a,>0,1
AR24B,,8,6,b,>0,1
AR24B,,8,8,a,>0,1
AR24B,,8,9,a,>0,1
AR24B,,8,9,b,>0,1
AR24B,,8,9,a,<10,1
AR24B,,8,9,b,<10,1
AR24B,L6,9,3,a,>0,1
AR24B,L6,9,4,a,>0,1
AR24B,L6,9,5,a,>0,1
AR24B,L6,9,7,a,>0,1
AR24B,L6,9,9,a,>0,1
AR24B,L6,9,10,a,>0,1
AR24B,L6,9,12,a,>0,1
AR24B,L6,9,12,b,>0,1
AR24B,L6,9,12,a,<10,1
AR24B,L6,9,12,b,<10,1
AR24B,,10,4,a,>0,1
AR24B,,10,7,a,>0,1
AR24B,,10,7,b,>0,1
AR24B,,10,9,a,>0,1
AR24B,,10,9,b,>0,1
AR24B,,10,10,a,>0,1
AR24B,,10,10,b,>0,1
AR24B,,10,10,a,<10,1
AR24B,,10,10,b,<10,1
AR24B,L13,11,2,a,>0,1
AR24B,L13,11,2,b,>0,1
AR24B,L13,11,5,a,>0,1
AR24B,L13,11,5,b,>0,1
AR24B,L13,11,7,a,>0,1
AR24B,L13,11,7,b,>0,1
AR24B,L13,11,11,a,>0,1
AR24B,L13,11,11,b,>0,1
AR24B,L13,11,11,a,<10,1
AR24B,L13,11,11,b,<10,1
AR24B,,13,4,a,>0,1
AR24B,,13,4,b,>0,1
AR24B,,13,7,a,>0,1
AR24B,,13,7,b,>0,2
AR24B,,13,10,a,>0,1
AR24B,,13,10,b,>0,1
AR24B,,13,10,a,<10,1
AR24B,,13,10,b,<10,1
AR24B,,15,4,a,>0,1
AR24B,,15,4,b,>0,1
AR24B,,15,7,a,>0,1
AR24B,,15,7,b,>0,1
AR24B,,15,10,a,>0,1
AR24B,,15,10,b,>0,1
AR24B,,15,10,a,<10,1
AR24B,,15,10,b,<10,1
AR24B,L12,17,5,a,>0,
AR24B,L12,17,5,b,>0,1
AR24B,L12,17,8,a,>0,1
AR24B,L12,17,8,b,>0,1
AR24B,L12,17,10,a,>0,1
AR24B,L12,17,10,b,>0,1
AR24B,L12,17,10,a,<10,1
AR24B,L12,17,10,b,<10,1
AR24C,,2,3,a,>0,1
AR24C,,2,4,a,>0,1
AR24C,,2,5,a,>0,1
AR24C,,2,6,a,>0,1
AR24C,,2,7,a,>0,1
AR24C,,2,8,a,>0,1
AR24C,,3,5,a,>0,1
AR24C,,3,6,a,>0,1
AR24C,,3,7,a,>0,1
AR24C,,3,8,a,>0,1
AR24C,,4,5,a,>0,1
AR24C,,4,6,a,>0,1
AR24C,,4,7,a,>0,1
AR24C,,4,8,a,>0,1
AR24C,,9,4,a,>0,1
AR24C,,9,5,a,>0,1
AR24C,,9,6,a,>0,1
AR24C,,9,7,a,>0,1
AR24C,,9,8,a,>0,1
AR24C,,10,5,a,>0,1
AR24C,,10,6,a,>0,1
AR24C,,10,7,a,>0,1
AR24C,,10,8,a,>0,1
AR24C,,11,5,a,>0,1
AR24C,,11,6,a,>0,1
AR24C,,11,7,a,>0,1
AR24C,,11,8,a,>0,1
AR24C,,12,3,a,>0,1
AR24C,,12,4,a,>0,1
AR24C,,12,5,a,>0,1
AR24C,,12,6,a,>0,1
AR24C,,12,7,a,>0,1
AR24C,,12,8,a,>0,1
EN608,L1,1,2,a,>0,1
EN608,L1,1,2,b,>0,1
EN608,L1,1,5,a,>0,1
EN608,L1,1,5,b,>0,1
EN608,L1,1,5,a,<10,1
EN608,L1,1,5,b,<10,1
EN608,L1,1,9,a,>0,1
EN608,L1,1,9,b,>0,1
EN608,L1,1,19,a,>0,1
EN608,L1,1,19,b,>0,1
EN608,L1,1,19,a,<10,1
EN608,L1,1,19,b,<10,1
EN608,L2,4,1,a,>0,1
EN608,L2,4,1,b,>0,1
EN608,L2,4,4,a,>0,1
EN608,L2,4,4,b,>0,1
EN608,L2,4,4,a,<10,1
EN608,L2,4,4,b,<10,1
EN608,L2,4,6,a,>0,1
EN608,L2,4,6,b,>0,1
EN608,L2,4,12,a,>0,1
EN608,L2,4,12,b,>0,1
EN608,L2,4,12,a,>5,1
EN608,L2,4,12,b,>5,1
EN608,L2,4,12,a,<10,2
EN608,L2,4,12,b,<10,2
EN608,L2,4,12,a,>20,1
EN608,L2,4,12,b,>20,1
EN608,L3,5,1,a,>0,1
EN608,L3,5,1,b,>0,1
EN608,L3,5,5,a,>0,1
EN608,L3,5,5,b,>0,1
EN608,L3,5,9,a,>0,1
EN608,L3,5,9,b,>0,1
EN608,L3,5,13,a,>0,1
EN608,L3,5,13,b,>0,1
EN608,L4,8,2,a,>0,1
EN608,L4,8,2,b,>0,1
EN608,L4,8,4,a,>0,1
EN608,L4,8,4,b,>0,1
EN608,L4,8,9,a,>0,1
EN608,L4,8,9,b,>0,1
EN608,L4,8,9,a,<10,1
EN608,L4,8,9,b,<10,1
EN608,L4,8,12,a,>0,2
EN608,L4,8,12,b,>0,2
EN608,L4,8,12,a,<10,1
EN608,L4,8,12,b,<10,1
EN608,L4,8,16,a,>0,1
EN608,L4,8,16,b,>0,3
EN608,L4,8,16,a,<10,1
EN608,L4,8,16,b,<10,1
EN608,L5,9,2,a,>0,1
EN608,L5,9,2,b,>0,1
EN608,L5,9,4,a,>0,1
EN608,L5,9,4,b,>0,1
EN608,L5,9,9,a,>0,1
EN608,L5,9,9,b,>0,1
EN608,L5,9,9,a,<10,1
EN608,L5,9,9,b,<10,1
EN608,L5,9,12,a,>0,1
EN608,L5,9,12,b,>0,1
EN608,L5,9,16,a,>0,1
EN608,L5,9,16,b,>0,1
EN608,L5,9,16,a,<10,2
EN608,L5,9,16,b,<10,3
EN608,L6,12,1,a,>0,1
EN608,L6,12,1,b,>0,1
EN608,L6,12,4,a,>0,1
EN608,L6,12,4,b,>0,1
EN608,L6,12,8,a,>0,1
EN608,L6,12,8,b,>0,1
EN608,L6,12,8,a,>5,1
EN608,L6,12,8,b,>5,1
EN608,L6,12,8,a,<10,2
EN608,L6,12,8,b,<10,2
EN608,L6,12,8,b,>20,2
EN608,L6,12,11,a,>0,2
EN608,L6,12,11,b,>0,2
EN608,L6,12,11,a,>5,2
EN608,L6,12,11,a,<10,2
EN608,L6,12,11,b,<10,3
EN608,L6,12,14,a,>0,2
EN608,L6,12,14,b,>0,2
EN608,L6,12,18,a,>0,1
EN608,L6,12,18,b,>0,1
EN608,L6,12,18,a,<10,2
EN608,L6,12,18,b,<10,2
EN608,L7,14,1,a,>0,1
EN608,L7,14,1,b,>0,1
EN608,L7,14,5,a,>0,1
EN608,L7,14,5,b,>0,1
EN608,L7,14,9,a,>0,1
EN608,L7,14,13,a,>0,1
EN608,L7,14,13,b,>0,1
EN608,L7,14,17,a,>0,1
EN608,L7,14,17,b,>0,1
EN608,L7,14,22,a,>0,1
EN608,L7,14,22,b,>0,1
EN608,L8,15,1,a,>0,1
EN608,L8,15,1,b,>0,1
EN608,L8,15,3,a,>0,1
EN608,L8,15,3,b,>0,1
EN608,L8,15,5,a,>0,1
EN608,L8,15,5,b,>0,2
EN608,L8,15,8,a,>0,2
EN608,L8,15,8,b,>0,1
EN608,L8,15,11,a,>0,1
EN608,L8,15,11,b,>0,1
EN608,L8,15,11,a,<10,1
EN608,L8,15,11,b,<10,1
EN608,L8,15,15,a,>0,1
EN608,L8,15,15,b,>0,1
EN608,L8,15,15,a,<10,1
EN608,L8,15,15,b,<10,1
EN608,L8,15,19,a,>0,1
EN608,L8,15,19,b,>0,1
EN608,L8,15,19,a,<10,1
EN608,L8,15,19,b,<10,1
EN608,L11,19,1,a,>0,1
EN608,L11,19,1,b,>0,1
EN608,L11,19,3,a,>0,2
EN608,L11,19,3,b,>0,2
EN608,L11,19,5,a,>0,1
EN608,L11,19,5,b,>0,1
EN608,L11,19,7,a,>0,1
EN608,L11,19,7,b,>0,1
EN608,L11,19,9,a,>0,1
EN608,L11,19,9,b,>0,1
EN608,L11,19,11,a,>0,1
EN608,L11,19,11,b,>0,1
EN608,L11,19,11,a,<10,2
EN608,L11,19,11,b,<10,2
EN608,L11,19,15,a,>0,1
EN608,L11,19,15,b,>0,1
EN608,L11,19,18,a,>0,1
EN608,L11,19,18,b,>0,1
EN608,L11,19,18,a,<10,2
EN608,L11,19,18,b,<10,2
EN608,L10,21,1,a,>0,1
EN608,L10,21,1,b,>0,1
EN608,L10,21,3,a,>0,1
EN608,L10,21,3,b,>0,1
EN608,L10,21,5,a,>0,1
EN608,L10,21,5,b,>0,1
EN608,L10,21,9,a,<10,1
EN608,L10,21,9,b,<10,1
EN608,L10,21,9,a,>0,2
EN608,L10,21,9,b,>0,2
EN608,L10,21,11,a,>0,1
EN608,L10,21,11,b,>0,1
EN608,L10,21,14,a,>0,2
EN608,L10,21,14,b,>0,2
EN608,L10,21,14,a,<10,2
EN608,L10,21,14,b,<10,2
EN608,L10,21,16,a,>0,1
EN608,L10,21,16,b,>0,1
EN608,L10,21,19,a,>0,1
EN608,L10,21,19,b,>0,1
EN608,L10,21,19,a,<10,1
EN608,L10,21,19,b,<10,1
EN608,L9,22,1,a,>0,2
EN608,L9,22,1,b,>0,2
EN608,L9,22,3,a,>0,1
EN608,L9,22,3,b,>0,1
EN608,L9,22,5,a,>0,1
EN608,L9,22,5,b,>0,1
EN608,L9,22,8,a,>0,1
EN608,L9,22,8,b,>0,1
EN608,L9,22,10,a,>0,1
EN608,L9,22,10,b,>0,1
EN608,L9,22,13,a,>0,1
EN608,L9,22,13,b,>0,1
EN608,L9,22,16,a,>0,1
EN608,L9,22,16,b,>0,1
EN608,L9,22,19,a,>0,1
EN608,L9,22,19,b,>0,1
EN608,MVCO,30,1,a,>0,1
EN608,MVCO,30,1,b,>0,1
EN608,MVCO,30,5,a,>0,1
EN608,MVCO,30,5,b,>0,1
EN608,MVCO,30,9,a,>0,1
EN608,MVCO,30,9,b,>0,1
EN608,MVCO,30,9,a,<10,2
EN608,MVCO,30,9,b,<10,2
EN617,L1,1,1,a,>0,1
EN617,L1,1,1,b,>0,1
EN617,L1,1,5,a,>5,1
EN617,L1,1,5,b,>5,1
EN617,L1,1,5,a,>20,1
EN617,L1,1,5,b,>20,2
EN617,L1,1,5,a,>0,1
EN617,L1,1,5,b,>0,1
EN617,L1,1,5,a,<10,1
EN617,L1,1,5,b,<10,1
EN617,L1,1,8,a,>5,1
EN617,L1,1,8,b,>5,1
EN617,L1,1,8,a,>20,1
EN617,L1,1,8,b,>20,1
EN617,L1,1,8,a,>0,1
EN617,L1,1,8,b,>0,1
EN617,L1,1,8,a,<10,1
EN617,L1,1,8,b,<10,1
EN617,L1,1,12,a,>5,1
EN617,L1,1,12,b,>5,1
EN617,L1,1,12,a,>20,2
EN617,L1,1,12,b,>20,2
EN617,L1,1,12,a,>0,3
EN617,L1,1,12,b,>0,1
EN617,L1,1,12,a,<10,1
EN617,L1,1,12,b,<10,1
EN617,L2,2,1,a,>0,1
EN617,L2,2,1,b,>0,1
EN617,L2,2,3,a,>0,1
EN617,L2,2,3,b,>0,1
EN617,L2,2,11,a,>5,1
EN617,L2,2,11,b,>5,1
EN617,L2,2,11,a,>20,1
EN617,L2,2,11,b,>20,1
EN617,L2,2,11,a,>0,1
EN617,L2,2,11,b,>0,1
EN617,L2,2,11,a,<10,1
EN617,L2,2,11,b,<10,1
EN617,L2,2,12,a,>5,1
EN617,L2,2,12,b,>5,1
EN617,L2,2,12,a,>20,2
EN617,L2,2,12,b,>20,1
EN617,L2,2,12,a,>0,1
EN617,L2,2,12,b,>0,1
EN617,L2,2,12,a,<10,1
EN617,L2,2,12,b,<10,1
EN617,L2,2,16,a,>5,1
EN617,L2,2,16,b,>5,1
EN617,L2,2,16,a,>20,1
EN617,L2,2,16,b,>20,1
EN617,L2,2,16,a,>0,1
EN617,L2,2,16,b,>0,3
EN617,L2,2,16,a,<10,1
EN617,L2,2,16,b,<10,1
EN617,L3,5,2,a,>0,1
EN617,L3,5,2,b,>0,1
EN617,L3,5,4,a,>0,1
EN617,L3,5,4,b,>0,1
EN617,L3,5,6,a,>5,2
EN617,L3,5,6,b,>5,2
EN617,L3,5,6,a,>20,1
EN617,L3,5,6,b,>20,1
EN617,L3,5,6,a,>0,1
EN617,L3,5,6,b,>0,1
EN617,L3,5,10,a,>5,1
EN617,L3,5,10,b,>5,1
EN617,L3,5,10,a,>20,2
EN617,L3,5,10,b,>20,2
EN617,L3,5,10,a,>0,1
EN617,L3,5,10,b,>0,1
EN617,L3,5,12,a,>0,1
EN617,L3,5,12,b,>0,1
EN617,L3,5,16,a,>5,1
EN617,L3,5,16,b,>5,1
EN617,L3,5,16,a,>20,1
EN617,L3,5,16,b,>20,1
EN617,L3,5,16,a,>0,1
EN617,L3,5,16,b,>0,1
EN617,L3,5,16,a,<10,1
EN617,L3,5,16,b,<10,1
EN617,L4,8,2,a,>0,1
EN617,L4,8,2,b,>0,1
EN617,L4,8,4,a,>5,1
EN617,L4,8,4,b,>5,1
EN617,L4,8,4,a,>20,1
EN617,L4,8,4,b,>20,3
EN617,L4,8,4,a,>0,1
EN617,L4,8,4,b,>0,1
EN617,L4,8,4,a,<10,1
EN617,L4,8,4,b,<10,1
EN617,L4,8,7,a,>5,1
EN617,L4,8,7,b,>5,1
EN617,L4,8,7,a,>20,1
EN617,L4,8,7,b,>20,1
EN617,L4,8,7,a,>0,1
EN617,L4,8,7,b,>0,1
EN617,L4,8,7,a,<10,1
EN617,L4,8,7,b,<10,1
EN617,L4,8,10,a,>0,1
EN617,L4,8,10,b,>0,1
EN617,L4,8,13,a,>0,2
EN617,L4,8,13,b,>0,2
EN617,L4,8,16,a,>5,1
EN617,L4,8,16,b,>5,1
EN617,L4,8,16,a,>20,3
EN617,L4,8,16,b,>20,1
EN617,L4,8,16,a,>0,1
EN617,L4,8,16,b,>0,1
EN617,L4,8,16,a,<10,1
EN617,L4,8,16,b,<10,1
EN617,L5,9,1,a,>0,1
EN617,L5,9,1,b,>0,1
EN617,L5,9,3,a,>0,1
EN617,L5,9,3,b,>0,1
EN617,L5,9,5,a,>5,1
EN617,L5,9,5,b,>5,1
EN617,L5,9,5,a,>20,1
EN617,L5,9,5,b,>20,1
EN617,L5,9,5,a,>0,1
EN617,L5,9,5,b,>0,1
EN617,L5,9,7,a,>5,1
EN617,L5,9,7,b,>5,1
EN617,L5,9,7,a,>20,1
EN617,L5,9,7,b,>20,1
EN617,L5,9,7,a,>0,1
EN617,L5,9,7,b,>0,1
EN617,L5,9,7,a,<10,1
EN617,L5,9,7,b,<10,1
EN617,L5,9,9,a,>0,1
EN617,L5,9,9,b,>0,1
EN617,L5,9,11,a,>5,1
EN617,L5,9,11,b,>5,1
EN617,L5,9,11,a,>20,2
EN617,L5,9,11,b,>20,1
EN617,L5,9,11,a,>0,1
EN617,L5,9,11,b,>0,1
EN617,L5,9,11,a,<10,1
EN617,L5,9,11,b,<10,1
EN617,L6,12,1,a,>0,1
EN617,L6,12,1,b,>0,1
EN617,L6,12,3,a,>0,1
EN617,L6,12,3,b,>0,1
EN617,L6,12,5,a,>0,1
EN617,L6,12,5,b,>0,1
EN617,L6,12,7,a,>0,1
EN617,L6,12,7,b,>0,1
EN617,L6,12,10,a,>5,1
EN617,L6,12,10,b,>5,1
EN617,L6,12,10,a,>20,1
EN617,L6,12,10,b,>20,1
EN617,L6,12,10,a,>0,1
EN617,L6,12,10,b,>0,1
EN617,L6,12,10,a,<10,2
EN617,L6,12,10,b,<10,2
EN617,L6,12,14,a,>0,1
EN617,L6,12,14,b,>0,1
EN617,L6,12,16,a,>5,1
EN617,L6,12,16,b,>5,1
EN617,L6,12,16,a,>20,1
EN617,L6,12,16,b,>20,2
EN617,L6,12,16,a,>0,1
EN617,L6,12,16,b,>0,1
EN617,L6,12,16,a,<10,1
EN617,L6,12,16,b,<10,1
EN617,L6,12,20,a,>5,1
EN617,L6,12,20,b,>5,1
EN617,L6,12,20,a,>20,1
EN617,L6,12,20,b,>20,1
EN617,L6,12,20,a,>0,1
EN617,L6,12,20,b,>0,1
EN617,L6,12,20,a,<10,1
EN617,L6,12,20,b,<10,1
EN617,L7,13,2,a,>0,1
EN617,L7,13,2,b,>0,1
EN617,L7,13,3,a,>0,1
EN617,L7,13,3,b,>0,1
EN617,L7,13,5,a,>0,1
EN617,L7,13,5,b,>0,1
EN617,L7,13,7,a,>0,1
EN617,L7,13,7,b,>0,1
EN617,L7,13,10,a,>0,1
EN617,L7,13,10,b,>0,1
EN617,L7,13,13,a,>5,1
EN617,L7,13,13,b,>5,1
EN617,L7,13,13,a,>20,1
EN617,L7,13,13,b,>20,1
EN617,L7,13,13,a,>0,1
EN617,L7,13,13,b,>0,1
EN617,L7,13,15,a,>5,1
EN617,L7,13,15,b,>5,1
EN617,L7,13,15,a,>20,1
EN617,L7,13,15,b,>20,1
EN617,L7,13,15,a,>0,1
EN617,L7,13,15,b,>0,1
EN617,L7,13,18,a,>5,1
EN617,L7,13,18,b,>5,1
EN617,L7,13,18,a,>20,1
EN617,L7,13,18,b,>20,2
EN617,L7,13,18,a,>0,1
EN617,L7,13,18,b,>0,1
EN617,L7,13,18,a,<10,1
EN617,L7,13,18,b,<10,1
EN617,L8,14,1,a,>0,1
EN617,L8,14,1,b,>0,1
EN617,L8,14,3,a,>0,2
EN617,L8,14,3,b,>0,2
EN617,L8,14,5,a,>0,1
EN617,L8,14,5,b,>0,1
EN617,L8,14,7,a,>0,2
EN617,L8,14,7,b,>0,2
EN617,L8,14,10,a,>5,1
EN617,L8,14,10,b,>5,1
EN617,L8,14,10,a,>20,1
EN617,L8,14,10,b,>20,1
EN617,L8,14,10,a,>0,2
EN617,L8,14,10,b,>0,2
EN617,L8,14,10,a,<10,1
EN617,L8,14,10,b,<10,1
EN617,L8,14,13,a,>0,1
EN617,L8,14,13,b,>0,1
EN617,L8,14,15,a,>5,1
EN617,L8,14,15,b,>5,1
EN617,L8,14,15,a,>20,1
EN617,L8,14,15,b,>20,1
EN617,L8,14,15,a,>0,1
EN617,L8,14,15,b,>0,1
EN617,L8,14,15,a,<10,1
EN617,L8,14,15,b,<10,1
EN617,L8,14,17,a,>5,1
EN617,L8,14,17,b,>5,1
EN617,L8,14,17,a,>20,1
EN617,L8,14,17,b,>20,1
EN617,L8,14,17,a,>0,1
EN617,L8,14,17,b,>0,1
EN617,L8,14,17,a,<10,1
EN617,L8,14,17,b,<10,1
EN617,L9,17,1,a,>0,1
EN617,L9,17,1,b,>0,1
EN617,L9,17,3,a,>0,1
EN617,L9,17,3,b,>0,1
EN617,L9,17,5,a,>0,1
EN617,L9,17,5,b,>0,1
EN617,L9,17,7,a,>0,1
EN617,L9,17,7,b,>0,1
EN617,L9,17,10,a,>5,1
EN617,L9,17,10,b,>5,1
EN617,L9,17,10,a,>20,1
EN617,L9,17,10,b,>20,1
EN617,L9,17,10,a,>0,1
EN617,L9,17,10,b,>0,1
EN617,L9,17,13,a,>5,1
EN617,L9,17,13,b,>5,1
EN617,L9,17,13,a,>20,1
EN617,L9,17,13,b,>20,1
EN617,L9,17,13,a,>0,1
EN617,L9,17,13,b,>0,1
EN617,L9,17,15,a,>0,1
EN617,L9,17,15,b,>0,1
EN617,L9,17,17,a,>5,1
EN617,L9,17,17,b,>5,1
EN617,L9,17,17,a,>20,2
EN617,L9,17,17,b,>20,2
EN617,L9,17,17,a,>0,1
EN617,L9,17,17,b,>0,1
EN617,L9,17,17,a,<10,1
EN617,L9,17,17,b,<10,1
EN617,L10,18,1,a,>0,1
EN617,L10,18,1,b,>0,1
EN617,L10,18,3,a,>0,1
EN617,L10,18,3,b,>0,1
EN617,L10,18,5,a,>5,1
EN617,L10,18,5,b,>5,1
EN617,L10,18,5,a,>20,1
EN617,L10,18,5,b,>20,1
EN617,L10,18,5,a,>0,1
EN617,L10,18,5,b,>0,1
EN617,L10,18,5,a,<10,1
EN617,L10,18,5,b,<10,1
EN617,L10,18,8,a,>0,1
EN617,L10,18,8,b,>0,1
EN617,L10,18,9,a,>5,1
EN617,L10,18,9,b,>5,1
EN617,L10,18,9,a,>20,1
EN617,L10,18,9,b,>20,1
EN617,L10,18,9,a,>0,1
EN617,L10,18,9,b,>0,1
EN617,L10,18,9,a,<10,1
EN617,L10,18,9,b,<10,1
EN617,L10,18,12,a,>0,1
EN617,L10,18,12,b,>0,1
EN617,L10,18,13,a,>0,1
EN617,L10,18,13,b,>0,1
EN617,L10,18,16,a,>5,1
EN617,L10,18,16,b,>5,1
EN617,L10,18,16,a,>20,2
EN617,L10,18,16,b,>20,2
EN617,L10,18,16,a,>0,1
EN617,L10,18,16,b,>0,1
EN617,L10,18,16,a,<10,1
EN617,L10,18,16,b,<10,1
EN617,L11,21,4,a,>0,1
EN617,L11,21,4,b,>0,1
EN617,L11,21,5,a,>0,1
EN617,L11,21,5,b,>0,1
EN617,L11,21,7,a,>0,1
EN617,L11,21,7,b,>0,1
EN617,L11,21,8,a,>0,1
EN617,L11,21,8,b,>0,1
EN617,L11,21,9,a,>0,1
EN617,L11,21,9,b,>0,1
EN617,L11,21,11,a,>5,1
EN617,L11,21,11,b,>5,1
EN617,L11,21,11,a,>20,1
EN617,L11,21,11,b,>20,1
EN617,L11,21,11,a,>0,1
EN617,L11,21,11,b,>0,1
EN617,L11,21,16,a,>5,1
EN617,L11,21,16,b,>5,1
EN617,L11,21,16,a,>20,1
EN617,L11,21,16,b,>20,1
EN617,L11,21,16,a,>0,1
EN617,L11,21,16,b,>0,1
EN617,L11,21,20,a,>5,1
EN617,L11,21,20,b,>5,1
EN617,L11,21,20,a,>20,2
EN617,L11,21,20,b,>20,2
EN617,L11,21,20,a,>0,1
EN617,L11,21,20,b,>0,1
EN617,L11,21,20,a,<10,1
EN617,L11,21,20,b,<10,1
EN617,MVCO,35,2,a,>0,1
EN617,MVCO,35,2,b,>0,1
EN617,MVCO,35,4,a,>0,1
EN617,MVCO,35,4,b,>0,1
EN617,MVCO,35,8,a,>0,1
EN617,MVCO,35,8,b,>0,1
EN617,MVCO,35,8,a,<10,1
EN617,MVCO,35,8,b,<10,1
AR32,L1,1,1,a,>0,1
AR32,L1,1,3,a,>0,1
AR32,L1,1,3,b,>0,1
AR32,L1,1,5,a,>0,1
AR32,L1,1,5,b,>0,3
AR32,L1,1,5,a,<10,2
AR32,L1,1,5,b,<10,2
AR32,L3,2,1,a,>0,1
AR32,L3,2,1,b,>0,1
AR32,L3,2,3,a,>0,1
AR32,L3,2,3,b,>0,1
AR32,L3,2,5,a,>0,1
AR32,L3,2,5,b,>0,1
AR32,L3,2,5,a,<10,1
AR32,L3,2,5,b,<10,1
AR32,L5,3,1,a,>0,1
AR32,L5,3,1,b,>0,1
AR32,L5,3,3,a,>0,1
AR32,L5,3,3,b,>0,1
AR32,L5,3,5,a,>0,1
AR32,L5,3,5,b,>0,1
AR32,L5,3,5,a,<10,1
AR32,L5,3,5,b,<10,1
AR32,L6,4,1,a,>0,1
AR32,L6,4,1,b,>0,1
AR32,L6,4,3,a,>0,1
AR32,L6,4,3,b,>0,1
AR32,L6,4,5,a,>0,1
AR32,L6,4,5,b,>0,1
AR32,L6,4,7,a,>0,1
AR32,L6,4,7,b,>0,1
AR32,L6,4,9,a,>0,1
AR32,L6,4,9,b,>0,1
AR32,L6,4,11,a,>0,1
AR32,L6,4,11,b,>0,1
AR32,L6,4,11,a,<10,2
AR32,L6,4,11,b,<10,2
AR32,L7,5,1,a,>0,1
AR32,L7,5,1,b,>0,1
AR32,L7,5,3,a,>0,1
AR32,L7,5,3,b,>0,1
AR32,L7,5,5,a,>0,1
AR32,L7,5,5,b,>0,1
AR32,L7,5,7,a,>0,3
AR32,L7,5,7,b,>0,2
AR32,L7,5,9,a,>0,2
AR32,L7,5,9,b,>0,2
AR32,L7,5,11,a,>0,1
AR32,L7,5,11,b,>0,1
AR32,L7,5,11,a,<10,1
AR32,L7,5,11,b,<10,1
AR32,L10,6,1,a,>0,2
AR32,L10,6,1,b,>0,2
AR32,L10,6,3,a,>0,1
AR32,L10,6,3,b,>0,1
AR32,L10,6,5,a,>0,1
AR32,L10,6,5,b,>0,1
AR32,L10,6,7,a,>0,3
AR32,L10,6,7,b,>0,3
AR32,L10,6,9,a,>0,1
AR32,L10,6,9,b,>0,1
AR32,L10,6,11,a,>0,1
AR32,L10,6,11,b,>0,1
AR32,L10,6,11,c,>0,1
AR32,L10,6,11,d,>0,1
AR32,L11,7,1,a,>0,1
AR32,L11,7,1,b,>0,1
AR32,L11,7,3,a,>0,2
AR32,L11,7,3,b,>0,3
AR32,L11,7,5,a,>0,1
AR32,L11,7,5,b,>0,1
AR32,L11,7,7,a,>0,2
AR32,L11,7,7,b,>0,2
AR32,L11,7,9,a,>0,3
AR32,L11,7,9,b,>0,2
AR32,L11,7,11,a,>0,1
AR32,L11,7,11,b,>0,1
AR32,L11,7,11,a,<10,2
AR32,L11,7,11,b,<10,3
AR32,L9,9,1,a,>0,2
AR32,L9,9,1,b,>0,2
AR32,L9,9,3,a,>0,1
AR32,L9,9,3,b,>0,1
AR32,L9,9,5,a,>0,1
AR32,L9,9,5,b,>0,1
AR32,L9,9,5,a,<10,1
AR32,L9,9,5,b,<10,1
AR32,L4,11,1,a,>0,2
AR32,L4,11,1,b,>0,2
AR32,L4,11,3,a,>0,1
AR32,L4,11,3,b,>0,1
AR32,L4,11,5,a,>0,1
AR32,L4,11,5,b,>0,1
AR32,L4,11,5,a,<10,3
AR32,L4,11,5,b,<10,3
AR32,L2,12,1,a,>0,1
AR32,L2,12,1,b,>0,1
AR32,L2,12,3,a,>0,1
AR32,L2,12,3,b,>0,1
AR32,L2,12,5,a,>0,1
AR32,L2,12,5,b,>0,1
AR32,L2,12,5,a,<10,2
AR32,L2,12,5,b,<10,2
AR31A,L6,1,2,a,>0,1
AR31A,L6,1,2,b,>0,1
AR31A,L6,1,6,a,>0,1
AR31A,L6,1,6,b,>0,1
AR31A,L6,1,10,a,>0,1
AR31A,L6,1,10,b,>0,1
AR31A,L6,1,14,a,>0,1
AR31A,L6,1,14,b,>0,1
AR31A,L6,1,18,a,>0,1
AR31A,L6,1,18,b,>0,1
AR31A,L6,1,24,a,>0,1
AR31A,L6,1,24,b,>0,1
AR31A,L6,1,24,a,<10,2
AR31A,L6,1,24,b,<10,2
AR31A,L5,2,2,a,>0,1
AR31A,L5,2,2,b,>0,1
AR31A,L5,2,6,a,>0,1
AR31A,L5,2,6,b,>0,1
AR31A,L5,2,10,a,>0,1
AR31A,L5,2,10,b,>0,1
AR31A,L5,2,14,a,>0,1
AR31A,L5,2,14,b,>0,1
AR31A,L5,2,18,a,>0,1
AR31A,L5,2,18,b,>0,1
AR31A,L5,2,18,a,<10,2
AR31A,L5,2,18,b,<10,3
AR31A,L4,3,2,a,>0,2
AR31A,L4,3,2,b,>0,2
AR31A,L4,3,6,a,>0,1
AR31A,L4,3,6,b,>0,1
AR31A,L4,3,10,a,>0,1
AR31A,L4,3,10,b,>0,2
AR31A,L4,3,14,a,>0,1
AR31A,L4,3,14,b,>0,1
AR31A,L4,3,14,a,<10,2
AR31A,L4,3,14,b,<10,3
AR31A,L3,4,2,a,>0,1
AR31A,L3,4,2,b,>0,1
AR31A,L3,4,6,a,>0,1
AR31A,L3,4,6,b,>0,1
AR31A,L3,4,10,a,>0,1
AR31A,L3,4,10,b,>0,1
AR31A,L3,4,14,a,>0,1
AR31A,L3,4,14,b,>0,1
AR31A,L3,4,14,a,<10,2
AR31A,L3,4,14,b,<10,3
AR31A,L2,5,2,a,>0,1
AR31A,L2,5,2,b,>0,1
AR31A,L2,5,6,a,>0,1
AR31A,L2,5,6,b,>0,1
AR31A,L2,5,10,a,>0,1
AR31A,L2,5,10,b,>0,1
AR31A,L2,5,14,a,>0,1
AR31A,L2,5,14,b,>0,1
AR31A,L2,5,14,a,<10,2
AR31A,L2,5,14,b,<10,3
AR31A,L1,6,2,a,>0,1
AR31A,L1,6,2,b,>0,1
AR31A,L1,6,6,a,>0,1
AR31A,L1,6,6,b,>0,1
AR31A,L1,6,6,a,<10,1
AR31A,L1,6,6,b,<10,1
EN627,L1,3,1,a,>0,1
EN627,L1,3,1,b,>0,1
EN627,L1,3,3,a,>5,1
EN627,L1,3,3,b,>5,1
EN627,L1,3,3,a,>20,3
EN627,L1,3,3,b,>20,3
EN627,L1,3,3,a,>0,1
EN627,L1,3,3,b,>0,1
EN627,L1,3,3,a,<10,1
EN627,L1,3,3,b,<10,1
EN627,L1,3,5,a,>5,1
EN627,L1,3,5,b,>5,1
EN627,L1,3,5,a,>20,2
EN627,L1,3,5,b,>20,2
EN627,L1,3,5,a,>0,1
EN627,L1,3,5,b,>0,1
EN627,L1,3,5,a,<10,2
EN627,L1,3,5,b,<10,2
EN627,L1,3,7,a,>5,3
EN627,L1,3,7,b,>5,3
EN627,L1,3,7,a,>20,3
EN627,L1,3,7,b,>20,3
EN627,L1,3,7,a,>0,1
EN627,L1,3,7,b,>0,1
EN627,L1,3,7,a,<10,2
EN627,L1,3,7,b,<10,2
EN627,L2,7,2,a,>0,1
EN627,L2,7,2,b,>0,1
EN627,L2,7,4,a,>5,3
EN627,L2,7,4,b,>5,3
EN627,L2,7,4,a,>20,3
EN627,L2,7,4,b,>20,3
EN627,L2,7,4,a,>0,1
EN627,L2,7,4,b,>0,1
EN627,L2,7,4,a,<10,1
EN627,L2,7,4,b,<10,1
EN627,L2,7,7,a,>5,2
EN627,L2,7,7,b,>5,2
EN627,L2,7,7,a,>20,2
EN627,L2,7,7,b,>20,2
EN627,L2,7,7,a,>0,1
EN627,L2,7,7,b,>0,1
EN627,L2,7,7,a,<10,1
EN627,L2,7,7,b,<10,1
EN627,L2,7,10,a,>5,1
EN627,L2,7,10,b,>5,1
EN627,L2,7,10,a,>20,2
EN627,L2,7,10,b,>20,2
EN627,L2,7,10,a,>0,1
EN627,L2,7,10,b,>0,1
EN627,L2,7,10,a,<10,3
EN627,L2,7,10,b,<10,1
EN627,L3,8,1,a,>5,2
EN627,L3,8,1,b,>5,2
EN627,L3,8,1,a,>20,2
EN627,L3,8,1,b,>20,3
EN627,L3,8,1,a,>0,1
EN627,L3,8,1,b,>0,1
EN627,L3,8,4,a,>0,1
EN627,L3,8,4,b,>0,1
EN627,L3,8,5,a,>0,1
EN627,L3,8,5,b,>0,1
EN627,L3,8,6,a,>5,2
EN627,L3,8,6,b,>5,2
EN627,L3,8,6,a,>20,2
EN627,L3,8,6,b,>20,2
EN627,L3,8,6,a,>0,1
EN627,L3,8,6,b,>0,1
EN627,L3,8,8,a,>5,2
EN627,L3,8,8,b,>5,2
EN627,L3,8,8,a,>20,2
EN627,L3,8,8,b,>20,3
EN627,L3,8,8,a,>0,1
EN627,L3,8,8,b,>0,1
EN627,L3,8,8,a,<10,2
EN627,L3,8,8,b,<10,2
EN627,L4,12,2,a,>0,1
EN627,L4,12,2,b,>0,1
EN627,L4,12,4,a,>5,1
EN627,L4,12,4,b,>5,2
EN627,L4,12,4,a,>20,1
EN627,L4,12,4,b,>20,1
EN627,L4,12,4,a,>0,1
EN627,L4,12,4,b,>0,1
EN627,L4,12,4,a,<10,1
EN627,L4,12,4,b,<10,1
EN627,L4,12,6,a,>5,2
EN627,L4,12,6,b,>5,2
EN627,L4,12,6,a,>20,2
EN627,L4,12,6,b,>20,2
EN627,L4,12,6,a,>0,1
EN627,L4,12,6,b,>0,1
EN627,L4,12,8,a,>0,1
EN627,L4,12,8,b,>0,1
EN627,L4,12,8,a,<10,3
EN627,L4,12,8,b,<10,1
EN627,L4,12,10,a,>5,1
EN627,L4,12,10,b,>5,2
EN627,L4,12,10,a,>20,1
EN627,L4,12,10,b,>20,1
EN627,L4,12,10,a,>0,1
EN627,L4,12,10,b,>0,1
EN627,L4,12,10,a,<10,1
EN627,L4,12,10,b,<10,3
EN627,L5,13,2,a,>0,1
EN627,L5,13,2,b,>0,1
EN627,L5,13,4,a,>0,1
EN627,L5,13,4,b,>0,1
EN627,L5,13,6,a,>5,1
EN627,L5,13,6,b,>5,1
EN627,L5,13,6,a,>20,1
EN627,L5,13,6,b,>20,1
EN627,L5,13,6,a,>0,1
EN627,L5,13,6,b,>0,1
EN627,L5,13,7,a,>5,1
EN627,L5,13,7,b,>5,1
EN627,L5,13,7,a,>20,1
EN627,L5,13,7,b,>20,1
EN627,L5,13,7,a,>0,1
EN627,L5,13,7,b,>0,1
EN627,L5,13,10,a,>5,1
EN627,L5,13,10,b,>5,1
EN627,L5,13,10,a,>20,1
EN627,L5,13,10,b,>20,1
EN627,L5,13,10,a,>0,1
EN627,L5,13,10,b,>0,1
EN627,L5,13,10,a,<10,3
EN627,L5,13,10,b,<10,1
EN627,L6,16,2,a,>0,1
EN627,L6,16,2,b,>0,1
EN627,L6,16,3,a,>0,1
EN627,L6,16,3,b,>0,1
EN627,L6,16,4,a,>0,1
EN627,L6,16,4,b,>0,1
EN627,L6,16,6,a,>5,1
EN627,L6,16,6,b,>5,1
EN627,L6,16,6,a,>20,1
EN627,L6,16,6,b,>20,1
EN627,L6,16,6,a,>0,1
EN627,L6,16,6,b,>0,1
EN627,L6,16,6,a,<10,1
EN627,L6,16,6,b,<10,1
EN627,L6,16,9,a,>5,1
EN627,L6,16,9,b,>5,1
EN627,L6,16,9,a,>20,1
EN627,L6,16,9,b,>20,1
EN627,L6,16,9,a,>0,1
EN627,L6,16,9,b,>0,1
EN627,L6,16,9,a,<10,1
EN627,L6,16,9,b,<10,3
EN627,L6,16,11,a,>5,1
EN627,L6,16,11,b,>5,1
EN627,L6,16,11,a,>20,2
EN627,L6,16,11,b,>20,2
EN627,L6,16,11,a,>0,1
EN627,L6,16,11,b,>0,1
EN627,L6,16,11,a,<10,1
EN627,L6,16,11,b,<10,1
EN627,L7,17,2,a,>0,1
EN627,L7,17,2,b,>0,1
EN627,L7,17,5,a,>0,1
EN627,L7,17,5,b,>0,2
EN627,L7,17,7,a,>0,2
EN627,L7,17,7,b,>0,1
EN627,L7,17,8,a,>5,1
EN627,L7,17,8,b,>5,1
EN627,L7,17,8,a,>20,1
EN627,L7,17,8,b,>20,
EN627,L7,17,8,a,>0,1
EN627,L7,17,8,b,>0,1
EN627,L7,17,9,a,>5,2
EN627,L7,17,9,b,>5,2
EN627,L7,17,9,a,>20,2
EN627,L7,17,9,b,>20,2
EN627,L7,17,9,a,>0,2
EN627,L7,17,9,b,>0,2
EN627,L7,17,10,a,>5,2
EN627,L7,17,10,b,>5,2
EN627,L7,17,10,a,>20,2
EN627,L7,17,10,b,>20,2
EN627,L7,17,10,a,>0,2
EN627,L7,17,10,b,>0,2
EN627,L7,17,10,a,<10,2
EN627,L7,17,10,b,<10,2
EN627,L8,19,1,a,>0,1
EN627,L8,19,1,b,>0,1
EN627,L8,19,3,a,>0,1
EN627,L8,19,3,b,>0,1
EN627,L8,19,4,a,>0,1
EN627,L8,19,4,b,>0,1
EN627,L8,19,5,a,>5,2
EN627,L8,19,5,b,>5,2
EN627,L8,19,5,a,>20,2
EN627,L8,19,5,b,>20,2
EN627,L8,19,5,a,>0,1
EN627,L8,19,5,b,>0,1
EN627,L8,19,5,a,<10,2
EN627,L8,19,5,b,<10,2
EN627,L8,19,6,a,>0,1
EN627,L8,19,6,b,>0,1
EN627,L8,19,7,a,>5,1
EN627,L8,19,7,b,>5,2
EN627,L8,19,7,a,>20,1
EN627,L8,19,7,b,>20,1
EN627,L8,19,7,a,>0,1
EN627,L8,19,7,b,>0,1
EN627,L8,19,7,a,<10,1
EN627,L8,19,7,b,<10,1
EN627,L8,19,9,a,>5,1
EN627,L8,19,9,b,>5,1
EN627,L8,19,9,a,>20,1
EN627,L8,19,9,b,>20,1
EN627,L8,19,9,a,>0,1
EN627,L8,19,9,b,>0,1
EN627,L8,19,9,a,<10,1
EN627,L8,19,9,b,<10,1
EN627,L9,22,1,a,>0,1
EN627,L9,22,1,b,>0,1
EN627,L9,22,3,a,>0,1
EN627,L9,22,3,b,>0,1
EN627,L9,22,4,a,>0,1
EN627,L9,22,4,b,>0,1
EN627,L9,22,5,a,>0,1
EN627,L9,22,5,b,>0,1
EN627,L9,22,6,a,>5,2
EN627,L9,22,6,b,>5,2
EN627,L9,22,6,a,>20,2
EN627,L9,22,6,b,>20,2
EN627,L9,22,6,a,>0,1
EN627,L9,22,6,b,>0,1
EN627,L9,22,7,a,>5,2
EN627,L9,22,7,b,>5,1
EN627,L9,22,7,a,>20,1
EN627,L9,22,7,b,>20,1
EN627,L9,22,7,a,>0,2
EN627,L9,22,7,b,>0,2
EN627,L9,22,7,a,<10,2
EN627,L9,22,7,b,<10,2
EN627,L9,22,9,a,>0,1
EN627,L9,22,9,b,>0,1
EN627,L9,22,11,a,>5,1
EN627,L9,22,11,b,>5,1
EN627,L9,22,11,a,>20,1
EN627,L9,22,11,b,>20,1
EN627,L9,22,11,a,>0,1
EN627,L9,22,11,b,>0,2
EN627,L9,22,11,a,<10,2
EN627,L9,22,11,b,<10,2
EN627,L10,24,1,a,>0,1
EN627,L10,24,1,b,>0,1
EN627,L10,24,2,a,>0,1
EN627,L10,24,2,b,>0,1
EN627,L10,24,3,a,>0,2
EN627,L10,24,3,b,>0,2
EN627,L10,24,4,a,>0,2
EN627,L10,24,4,b,>0,2
EN627,L10,24,5,a,>0,2
EN627,L10,24,5,b,>0,2
EN627,L10,24,6,a,>5,2
EN627,L10,24,6,b,>5,2
EN627,L10,24,6,a,>20,1
EN627,L10,24,6,b,>20,1
EN627,L10,24,6,a,>0,2
EN627,L10,24,6,b,>0,2
EN627,L10,24,6,a,<10,3
EN627,L10,24,6,b,<10,1
EN627,L10,24,8,a,>5,3
EN627,L10,24,8,b,>5,2
EN627,L10,24,8,a,>20,1
EN627,L10,24,8,b,>20,1
EN627,L10,24,8,a,>0,1
EN627,L10,24,8,b,>0,1
EN627,L10,24,8,a,<10,3
EN627,L10,24,8,b,<10,1
EN627,L10,24,9,a,>5,1
EN627,L10,24,9,b,>5,1
EN627,L10,24,9,a,>20,1
EN627,L10,24,9,b,>20,1
EN627,L10,24,9,a,>0,1
EN627,L10,24,9,b,>0,1
EN627,L10,24,9,a,<10,1
EN627,L10,24,9,b,<10,1
EN627,L11,26,1,a,>0,3
EN627,L11,26,1,b,>0,2
EN627,L11,26,3,a,>0,1
EN627,L11,26,3,b,>0,1
EN627,L11,26,4,a,>0,2
EN627,L11,26,4,b,>0,2
EN627,L11,26,5,a,>0,2
EN627,L11,26,5,b,>0,2
EN627,L11,26,6,a,>5,3
EN627,L11,26,6,b,>5,3
EN627,L11,26,6,a,>20,2
EN627,L11,26,6,b,>20,2
EN627,L11,26,6,a,>0,1
EN627,L11,26,6,b,>0,1
EN627,L11,26,6,a,<10,3
EN627,L11,26,6,b,<10,3
EN627,L11,26,7,a,>5,1
EN627,L11,26,7,b,>5,2
EN627,L11,26,7,a,>20,2
EN627,L11,26,7,b,>20,3
EN627,L11,26,7,a,>0,2
EN627,L11,26,7,b,>0,2
EN627,L11,26,7,a,<10,3
EN627,L11,26,7,b,<10,1
EN627,L11,26,9,a,>0,1
EN627,L11,26,9,b,>0,1
EN627,L11,26,11,a,>5,1
EN627,L11,26,11,b,>5,1
EN627,L11,26,11,a,>20,2
EN627,L11,26,11,b,>20,3
EN627,L11,26,11,a,>0,1
EN627,L11,26,11,b,>0,1
EN627,L11,26,11,a,<10,3
EN627,L11,26,11,b,<10,1
EN627,u11c,29,1,a,>0,1
EN627,u11c,29,1,b,>0,1
EN627,u11c,29,2,a,>0,2
EN627,u11c,29,2,b,>0,2
EN627,u11c,29,3,a,>0,1
EN627,u11c,29,3,b,>0,1
EN627,u11c,29,5,a,>0,1
EN627,u11c,29,5,b,>0,1
EN627,u11c,29,6,a,>5,1
EN627,u11c,29,6,b,>5,1
EN627,u11c,29,6,a,>20,2
EN627,u11c,29,6,b,>20,2
EN627,u11c,29,6,a,>0,1
EN627,u11c,29,6,b,>0,1
EN627,u11c,29,6,a,<10,1
EN627,u11c,29,6,b,<10,1
EN627,u11c,29,8,a,>5,2
EN627,u11c,29,8,b,>5,2
EN627,u11c,29,8,a,>20,1
EN627,u11c,29,8,b,>20,1
EN627,u11c,29,8,a,>0,1
EN627,u11c,29,8,b,>0,1
EN627,u11c,29,8,a,<10,1
EN627,u11c,29,8,b,<10,1
EN627,u11c,29,9,a,>0,1
EN627,u11c,29,9,b,>0,1
EN627,u11c,29,10,a,>5,2
EN627,u11c,29,10,b,>5,2
EN627,u11c,29,10,a,>20,1
EN627,u11c,29,10,b,>20,1
EN627,u11c,29,10,a,>0,1
EN627,u11c,29,10,b,>0,1
EN627,u11c,29,10,a,<10,1
EN627,u11c,29,10,b,<10,1
EN627,MVCO,45,1,a,>5,2
EN627,MVCO,45,1,b,>5,2
EN627,MVCO,45,1,a,>20,2
EN627,MVCO,45,1,b,>20,2
EN627,MVCO,45,1,a,>0,2
EN627,MVCO,45,1,b,>0,2
EN627,MVCO,45,1,a,<10,2
EN627,MVCO,45,1,b,<10,2
EN627,MVCO,45,5,a,>5,1
EN627,MVCO,45,5,b,>5,1
EN627,MVCO,45,5,a,>20,3
EN627,MVCO,45,5,b,>20,2
EN627,MVCO,45,5,a,>0,1
EN627,MVCO,45,5,b,>0,1
EN627,MVCO,45,5,a,<10,2
EN627,MVCO,45,5,b,<10,2
EN627,MVCO,45,9,a,>5,1
EN627,MVCO,45,9,b,>5,1
EN627,MVCO,45,9,a,>20,1
EN627,MVCO,45,9,b,>20,1
EN627,MVCO,45,9,a,>0,1
EN627,MVCO,45,9,b,>0,1
EN627,MVCO,45,9,a,<10,2
EN627,MVCO,45,9,b,<10,2
AR28A,L10,1,5,a,>0,1
AR28A,L10,1,6,a,>0,1
AR28A,L10,1,7,a,>0,
AR28A,L10,1,8,a,>0,1
AR28A,L8,2,3,a,>0,1
AR28A,L8,2,4,a,>0,1
AR28A,L8,2,5,a,>0,1
AR28A,L8,2,6,a,>0,1
AR28A,L8,2,7,a,>0,1
AR28A,L8,2,8,a,>0,1
AR28A,L6,3,1,a,>0,1
AR28A,L6,3,3,a,>0,1
AR28A,L6,3,5,a,>0,1
AR28A,L6,3,7,a,>0,1
AR28B,L1,1,2,a,>0,1
AR28B,L1,1,2,b,>0,1
AR28B,L1,1,5,a,>0,1
AR28B,L1,1,5,b,>0,1
AR28B,L1,1,8,a,>0,1
AR28B,L1,1,8,b,>0,1
AR28B,L1,1,8,a,<10,2
AR28B,L1,1,8,b,<10,3
AR28B,L2,2,1,a,>0,1
AR28B,L2,2,1,b,>0,1
AR28B,L2,2,5,a,>0,1
AR28B,L2,2,5,b,>0,1
AR28B,L2,2,7,a,>0,1
AR28B,L2,2,7,b,>0,1
AR28B,L2,2,11,a,>0,1
AR28B,L2,2,11,b,>0,1
AR28B,L2,2,11,a,<10,2
AR28B,L2,2,11,b,<10,3
AR28B,L3,3,2,a,>0,1
AR28B,L3,3,2,b,>0,1
AR28B,L3,3,4,a,>0,1
AR28B,L3,3,4,b,>0,1
AR28B,L3,3,6,a,>0,1
AR28B,L3,3,6,b,>0,1
AR28B,L3,3,7,a,>0,1
AR28B,L3,3,7,b,>0,1
AR28B,L3,3,9,a,>0,1
AR28B,L3,3,9,b,>0,1
AR28B,L3,3,9,a,<10,3
AR28B,L3,3,9,b,<10,1
AR28B,L4,4,2,a,>0,1
AR28B,L4,4,2,b,>0,1
AR28B,L4,4,3,a,>0,1
AR28B,L4,4,3,b,>0,1
AR28B,L4,4,6,a,>0,1
AR28B,L4,4,6,b,>0,1
AR28B,L4,4,7,a,>0,1
AR28B,L4,4,7,b,>0,1
AR28B,L4,4,10,a,>0,1
AR28B,L4,4,10,b,>0,1
AR28B,L4,4,10,a,<10,2
AR28B,L4,4,10,b,<10,3
AR28B,L5,5,2,a,>0,1
AR28B,L5,5,2,b,>0,1
AR28B,L5,5,3,a,>0,1
AR28B,L5,5,3,b,>0,1
AR28B,L5,5,5,a,>0,1
AR28B,L5,5,5,b,>0,1
AR28B,L5,5,7,a,>0,1
AR28B,L5,5,7,b,>0,1
AR28B,L5,5,10,a,>0,1
AR28B,L5,5,10,b,>0,1
AR28B,L5,5,10,a,<10,2
AR28B,L5,5,10,b,<10,3
AR28B,L13,6,4,a,>0,1
AR28B,L13,6,4,b,>0,1
AR28B,L13,6,5,a,>0,1
AR28B,L13,6,5,b,>0,1
AR28B,L13,6,7,a,>0,1
AR28B,L13,6,7,b,>0,1
AR28B,L10,10,3,a,>0,1
AR28B,L10,10,3,b,>0,1
AR28B,L10,10,4,a,>0,1
AR28B,L10,10,4,b,>0,1
AR28B,L10,10,5,a,>0,1
AR28B,L10,10,6,b,>0,1
AR28B,L10,10,7,a,>0,1
AR28B,L10,10,7,b,>0,1
AR28B,L10,10,8,a,>0,1
AR28B,L10,10,8,b,>0,1
AR28B,L10,10,9,a,>0,1
AR28B,L10,10,9,b,>0,1
AR28B,L10,10,10,a,>0,1
AR28B,L10,10,10,b,>0,1
AR28B,L10,10,11,a,>0,1
AR28B,L10,10,12,a,>0,1
AR28B,L10,10,13,a,>0,1
AR28B,L10,10,14,a,>0,1
AR28B,L10,10,16,a,<10,2
AR28B,L10,10,16,b,<10,3
AR28B,L12,11,6,a,>0,1
AR28B,L12,11,7,a,>0,1
AR28B,L12,11,8,a,>0,1
AR28B,L12,11,9,a,>0,1
AR28B,L11,12,1,a,>0,1
AR28B,L11,12,1,b,>0,1
AR28B,L11,12,3,a,>0,1
AR28B,L11,12,3,b,>0,1
AR28B,L11,12,4,a,>0,1
AR28B,L11,12,4,b,>0,1
AR28B,L11,12,6,a,>0,1
AR28B,L11,12,6,b,>0,1
AR28B,L11,12,7,a,>0,1
AR28B,L11,12,7,b,>0,1
AR28B,L11,12,8,a,>0,1
AR28B,L11,12,8,b,>0,1
AR28B,L11,12,10,a,>0,1
AR28B,L11,12,10,b,>0,1
AR28B,L11,12,11,a,>0,1
AR28B,L11,12,11,b,>0,1
AR28B,L11,12,14,a,>0,1
AR28B,L11,12,14,b,>0,1
AR28B,L11,12,15,a,>0,1
AR28B,L11,12,15,b,>0,1
AR28B,L11,12,19,a,>0,1
AR28B,L11,12,19,b,>0,1
AR28B,L11,12,19,a,<10,1
AR28B,L11,12,19,b,<10,3
AR28B,L9,17,3,a,>0,1
AR28B,L9,17,3,b,>0,1
AR28B,L9,17,4,a,>0,1
AR28B,L9,17,4,b,>0,1
AR28B,L9,17,7,a,>0,1
AR28B,L9,17,7,b,>0,1
AR28B,L9,17,8,a,>0,1
AR28B,L9,17,8,b,>0,1
AR28B,L9,17,9,a,>0,1
AR28B,L9,17,10,b,>0,1
AR28B,L9,17,12,a,>0,1
AR28B,L9,17,12,b,>0,1
AR28B,L9,17,13,a,>0,1
AR28B,L9,17,13,b,>0,1
AR28B,L9,17,14,a,>0,1
AR28B,L9,17,15,a,>0,1
AR28B,L9,17,17,a,<10,1
AR28B,L9,17,17,b,<10,1
AR28B,L7,27,3,a,>0,1
AR28B,L7,27,3,b,>0,1
AR28B,L7,27,4,a,>0,1
AR28B,L7,27,4,b,>0,1
AR28B,L7,27,5,a,>0,1
AR28B,L7,27,5,b,>0,1
AR28B,L7,27,9,a,>0,1
AR28B,L7,27,9,b,>0,1
AR28B,L7,27,10,a,>0,1
AR28B,L7,27,11,a,>0,1
AR28B,L7,27,12,a,>0,1
AR28B,L7,27,12,b,>0,1
AR28B,L7,27,13,a,>0,1
AR28B,L7,27,13,b,>0,1
AR28B,L7,27,14,a,>0,1
AR28B,L7,27,15,a,>0,1
AR28B,L7,27,17,a,<10,1
AR28B,L7,27,17,b,<10,1
AR28B,L6,28,3,a,>0,1
AR28B,L6,28,3,b,>0,1
AR28B,L6,28,4,a,>0,1
AR28B,L6,28,4,b,>0,1
AR28B,L6,28,6,a,>0,1
AR28B,L6,28,6,b,>0,1
AR28B,L6,28,7,a,>0,1
AR28B,L6,28,8,a,>0,1
AR28B,L6,28,10,a,>0,1
AR28B,L6,28,10,b,>0,1
AR28B,L6,28,11,a,>0,1
AR28B,L6,28,12,a,>0,1
AR28B,L6,28,14,a,>0,1
AR28B,L6,28,14,a,<10,1
AR28B,L6,28,14,b,<10,1
AR28B,L6,28,15,b,>0,1
AR28B,L8,37,3,a,>0,1
AR28B,L8,37,3,b,>0,1
AR28B,L8,37,4,a,>0,1
AR28B,L8,37,4,b,>0,1
AR28B,L8,37,5,a,>0,1
AR28B,L8,37,5,b,>0,1
AR28B,L8,37,6,a,>0,1
AR28B,L8,37,7,a,>0,1
AR28B,L8,37,10,a,>0,1
AR28B,L8,37,11,a,>0,1
AR28B,L8,37,13,a,>0,1
AR28B,L8,37,13,b,>0,1
AR28B,L8,37,14,a,>0,1
AR28B,L8,37,14,a,<10,3
AR28B,L8,37,14,b,<10,3
AR28B,L8,37,15,a,>0,1
AR31B,,1,5,a,>0,1
AR31B,,1,6,a,>0,1
AR31B,,1,7,a,>0,1
AR31B,,1,8,a,>0,1
AR31B,,2,6,a,>0,1
AR31B,,2,7,a,>0,1
AR31B,,2,7,b,>0,1
AR31B,,2,8,a,>0,1
AR31B,,2,8,b,>0,1
AR31B,,2,9,a,>0,1
AR31B,,3,3,a,>0,1
AR31B,,3,4,a,>0,1
AR31B,,3,5,a,>0,1
AR31B,,3,5,b,>0,1
AR31B,,3,6,a,>0,1
AR31B,,4,4,a,>0,1
AR31B,,4,6,a,>0,1
AR31B,,4,8,a,>0,1
AR31B,,4,9,a,>0,1
AR31B,,5,2,a,>0,1
AR31B,,5,4,a,>0,1
AR31B,,5,5,a,>0,1
AR31B,,5,6,a,>0,1
AR31B,,5,7,a,>0,1
AR31B,,5,8,a,>0,1
AR31B,,6,3,a,>0,1
AR31B,,6,5,a,>0,1
AR31B,,6,6,a,>0,1
AR31B,,6,7,a,>0,1
AR31B,,6,8,a,>0,1
AR31B,,7,4,a,>0,1
AR31B,,7,5,a,>0,1
AR31B,,7,5,b,>0,1
AR31B,,7,6,a,>0,1
AR31B,,7,6,b,>0,1
AR31B,,8,3,a,>0,1
AR31B,,8,5,a,>0,1
AR31B,,8,6,a,>0,1
AR31B,,8,7,a,>0,1
AR31B,,8,8,a,>0,1
AR31C,,1,3,a,>0,1
AR31C,,1,5,a,>0,1
AR31C,,1,6,a,>0,1
AR31C,,1,7,a,>0,1
AR31C,,1,8,a,>0,1
AR31C,,2,4,a,>0,1
AR31C,,2,5,a,>0,1
AR31C,,2,6,a,>0,1
AR31C,,2,7,a,>0,1
AR31C,,2,8,a,>0,1
AR31C,,4,4,a,>0,1
AR31C,,4,5,a,>0,1
AR31C,,4,6,a,>0,1
AR31C,,4,7,a,>0,1
AR31C,,4,8,a,>0,1
AR31C,,11,4,a,>0,1
AR31C,,11,5,a,>0,1
AR31C,,11,6,a,>0,1
AR31C,,11,7,a,>0,1
AR31C,,11,8,a,>0,1
AR31C,,12,6,a,>0,1
AR31C,,12,7,a,>0,1
AR31C,,12,8,a,>0,1
AR31C,,20,7,a,>0,1
AR31C,,20,8,a,>0,1
AR34A,,5,7,a,>0,1
AR34A,,5,8,a,>0,1
AR34A,,6,5,a,>0,1
AR34A,,6,6,a,>0,1
AR34A,,6,7,a,>0,1
AR34A,,6,8,a,>0,1
AR34A,,9,5,a,>0,1
AR34A,,9,6,a,>0,1
AR34A,,9,7,a,>0,1
AR34A,,9,8,a,>0,1
AR34A,,10,3,a,>0,1
AR34A,,10,4,a,>0,1
AR34A,,10,5,a,>0,1
AR34A,,10,6,a,>0,1
AR34A,,10,7,a,>0,1
AR34A,,10,8,a,>0,1
AR34A,,11,5,a,>0,1
AR34A,,11,6,a,>0,1
AR34A,,12,3,a,>0,1
AR34A,,12,4,a,>0,1
AR34A,,12,5,a,>0,1
AR34A,,12,6,a,>0,1
AR34A,,12,7,a,>0,1
AR34A,,12,8,a,>0,1
AR34A,,13,5,a,>0,1
AR34A,,13,6,a,>0,1
AR34A,,13,7,a,>0,1
AR34A,,13,8,a,>0,1
AR34A,,17,4,a,>0,1
AR34A,,17,5,a,>0,1
AR34A,,17,6,a,>0,1
AR34B,L13,1,3,a,>0,1
AR34B,L13,1,4,a,>0,1
AR34B,L13,1,5,a,>0,1
AR34B,L13,1,6,a,>0,1
AR34B,L13,1,7,a,>0,1
AR34B,L13,1,8,a,>0,1
AR34B,L4,2,2,a,>0,1
AR34B,L4,2,2,b,>0,1
AR34B,L4,2,3,a,>0,1
AR34B,L4,2,3,b,>0,1
AR34B,L4,2,4,a,>0,1
AR34B,L4,2,4,b,>0,1
AR34B,L4,2,7,a,>0,1
AR34B,L4,2,7,b,>0,1
AR34B,L4,2,9,a,>0,1
AR34B,L4,2,9,b,>0,1
AR34B,L4,2,9,a,<10,2
AR34B,L4,2,9,b,<10,2
AR34B,L3,3,2,a,>0,1
AR34B,L3,3,2,b,>0,1
AR34B,L3,3,3,a,>0,1
AR34B,L3,3,3,b,>0,1
AR34B,L3,3,5,a,>0,1
AR34B,L3,3,5,b,>0,1
AR34B,L3,3,7,a,>0,1
AR34B,L3,3,7,b,>0,1
AR34B,L3,3,7,a,<10,1
AR34B,L3,3,7,b,<10,1
AR34B,L2,4,2,a,>0,1
AR34B,L2,4,2,b,>0,1
AR34B,L2,4,3,a,>0,1
AR34B,L2,4,3,b,>0,1
AR34B,L2,4,5,a,>0,2
AR34B,L2,4,5,b,>0,2
AR34B,L2,4,7,a,>0,1
AR34B,L2,4,7,b,>0,1
AR34B,L2,4,7,a,<10,1
AR34B,L2,4,7,b,<10,1
AR34B,L1,5,2,a,>0,1
AR34B,L1,5,2,b,>0,1
AR34B,L1,5,4,a,>0,1
AR34B,L1,5,4,b,>0,1
AR34B,L1,5,4,a,<10,1
AR34B,L1,5,4,b,<10,1
AR34B,L7,6,3,a,>0,1
AR34B,L7,6,3,b,>0,1
AR34B,L7,6,4,a,>0,1
AR34B,L7,6,4,b,>0,1
AR34B,L7,6,7,a,>0,1
AR34B,L7,6,7,b,>0,1
AR34B,L7,6,8,a,>0,1
AR34B,L7,6,8,b,>0,1
AR34B,L7,6,9,a,>0,1
AR34B,L7,6,9,b,>0,2
AR34B,L7,6,12,a,>0,1
AR34B,L7,6,12,b,>0,1
AR34B,L7,6,15,a,>0,1
AR34B,L7,6,15,b,>0,1
AR34B,L7,6,15,a,<10,1
AR34B,L7,6,15,b,<10,1
AR34B,L5,7,1,a,>0,1
AR34B,L5,7,1,b,>0,1
AR34B,L5,7,3,a,>0,1
AR34B,L5,7,3,b,>0,1
AR34B,L5,7,5,a,>0,1
AR34B,L5,7,5,b,>0,1
AR34B,L5,7,6,a,>0,1
AR34B,L5,7,6,b,>0,1
AR34B,L5,7,8,a,>0,1
AR34B,L5,7,8,b,>0,1
AR34B,L5,7,8,a,<10,1
AR34B,L5,7,8,b,<10,1
AR34B,L6,8,1,a,>0,2
AR34B,L6,8,1,b,>0,2
AR34B,L6,8,2,a,>0,1
AR34B,L6,8,2,b,>0,1
AR34B,L6,8,3,a,>0,1
AR34B,L6,8,3,b,>0,1
AR34B,L6,8,5,a,>0,1
AR34B,L6,8,5,b,>0,1
AR34B,L6,8,6,a,>0,1
AR34B,L6,8,6,b,>0,1
AR34B,L6,8,8,a,>0,1
AR34B,L6,8,8,b,>0,1
AR34B,L6,8,8,a,<10,1
AR34B,L6,8,8,b,<10,2
AR34B,L8,9,1,a,>0,1
AR34B,L8,9,1,b,>0,1
AR34B,L8,9,2,a,>0,1
AR34B,L8,9,2,b,>0,1
AR34B,L8,9,3,a,>0,2
AR34B,L8,9,3,b,>0,2
AR34B,L8,9,4,a,>0,1
AR34B,L8,9,4,b,>0,1
AR34B,L8,9,6,a,>0,1
AR34B,L8,9,6,b,>0,1
AR34B,L8,9,8,a,>0,1
AR34B,L8,9,8,b,>0,1
AR34B,L8,9,9,a,>0,1
AR34B,L8,9,9,b,>0,1
AR34B,L8,9,9,a,<10,1
AR34B,L8,9,9,b,<10,3
AR34B,L11,10,6,a,>0,1
AR34B,L11,10,6,b,>0,1
AR34B,L11,10,7,a,>0,1
AR34B,L11,10,7,b,>0,1
AR34B,L11,10,9,a,>0,1
AR34B,L11,10,9,b,>0,1
AR34B,L11,10,11,a,>0,1
AR34B,L11,10,11,b,>0,1
AR34B,L11,10,12,a,>0,1
AR34B,L11,10,12,b,>0,2
AR34B,L11,10,14,a,>0,1
AR34B,L11,10,14,b,>0,1
AR34B,L11,10,14,a,<10,1
AR34B,L11,10,14,b,<10,1
AR34B,L9,18,3,a,>0,1
AR34B,L9,18,3,b,>0,1
AR34B,L9,18,4,a,>0,1
AR34B,L9,18,4,b,>0,1
AR34B,L9,18,5,a,>0,1
AR34B,L9,18,5,b,>0,1
AR34B,L9,18,8,a,>0,1
AR34B,L9,18,8,b,>0,1
AR34B,L9,18,12,a,>0,
AR34B,L9,18,12,b,>0,1
AR34B,L9,18,14,a,>0,1
AR34B,L9,18,14,b,>0,1
AR34B,L9,18,18,a,>0,1
AR34B,L9,18,18,b,>0,1
AR34B,L9,18,18,a,<10,2
AR34B,L9,18,18,b,<10,2
AR34B,L10,21,9,a,>0,1
AR34B,L10,21,9,b,>0,1
AR34B,L10,21,12,a,>0,1
AR34B,L10,21,12,b,>0,1
AR34B,L10,21,14,a,>0,1
AR34B,L10,21,14,b,>0,1
AR34B,L10,21,16,a,>0,1
AR34B,L10,21,16,b,>0,1
AR34B,L10,21,20,a,>0,1
AR34B,L10,21,20,b,>0,1
AR34B,L10,21,20,a,<10,1
AR34B,L10,21,20,b,<10,1
AR34B,L12,22,7,a,>0,1
AR34B,L12,22,8,a,>0,1
EN644,L1,1,18,a,>5,1
EN644,L1,1,18,b,>5,1
EN644,L1,1,8,a,>5,1
EN644,L1,1,8,b,>5,1
EN644,L1,1,3,a,>5,1
EN644,L1,1,3,b,>5,1
EN644,L1,1,18,a,>20,1
EN644,L1,1,18,b,>20,1
EN644,L1,1,8,a,>20,1
EN644,L1,1,8,b,>20,1
EN644,L1,1,3,a,>20,2
EN644,L1,1,3,b,>20,2
EN644,L1,1,17,a,>0,1
EN644,L1,1,17,b,>0,1
EN644,L1,1,11,a,>0,1
EN644,L1,1,11,b,>0,
EN644,L1,1,7,a,>0,3
EN644,L1,1,7,b,>0,1
EN644,L1,1,2,a,>0,1
EN644,L1,1,2,b,>0,1
EN644,L1,1,17,a,<10,3
EN644,L1,1,17,b,<10,2
EN644,L1,1,7,a,<10,2
EN644,L1,1,7,b,<10,2
EN644,L1,1,2,a,<10,1
EN644,L1,1,2,b,<10,1
EN644,L2,2,21,a,>5,1
EN644,L2,2,21,b,>5,1
EN644,L2,2,7,a,>5,1
EN644,L2,2,7,b,>5,1
EN644,L2,2,4,a,>5,2
EN644,L2,2,4,b,>5,2
EN644,L2,2,21,a,>20,1
EN644,L2,2,21,b,>20,1
EN644,L2,2,7,a,>20,3
EN644,L2,2,7,b,>20,3
EN644,L2,2,4,a,>20,1
EN644,L2,2,4,b,>20,1
EN644,L2,2,17,a,>0,1
EN644,L2,2,17,b,>0,1
EN644,L2,2,11,a,>0,1
EN644,L2,2,11,b,>0,1
EN644,L2,2,9,a,>0,2
EN644,L2,2,9,b,>0,3
EN644,L2,2,5,a,>0,2
EN644,L2,2,5,b,>0,3
EN644,L2,2,2,a,>0,1
EN644,L2,2,2,b,>0,1
EN644,L2,2,17,a,<10,1
EN644,L2,2,17,b,<10,1
EN644,L2,2,9,a,<10,2
EN644,L2,2,9,b,<10,2
EN644,L2,2,5,a,<10,1
EN644,L2,2,5,b,<10,1
EN644,L3,5,16,a,>5,2
EN644,L3,5,16,b,>5,2
EN644,L3,5,12,a,>5,2
EN644,L3,5,12,b,>5,2
EN644,L3,5,9,a,>5,1
EN644,L3,5,9,b,>5,1
EN644,L3,5,16,a,>20,2
EN644,L3,5,16,b,>20,2
EN644,L3,5,12,a,>20,2
EN644,L3,5,12,b,>20,2
EN644,L3,5,9,a,>20,1
EN644,L3,5,9,b,>20,1
EN644,L3,5,15,a,>0,1
EN644,L3,5,15,b,>0,1
EN644,L3,5,12,a,>0,1
EN644,L3,5,12,b,>0,3
EN644,L3,5,9,a,>0,1
EN644,L3,5,9,b,>0,1
EN644,L3,5,6,a,>0,1
EN644,L3,5,6,b,>0,1
EN644,L3,5,4,a,>0,1
EN644,L3,5,4,b,>0,1
EN644,L3,5,2,a,>0,1
EN644,L3,5,2,b,>0,1
EN644,L3,5,15,a,<10,1
EN644,L3,5,15,b,<10,1
EN644,L6,7,17,a,>5,1
EN644,L6,7,17,b,>5,1
EN644,L6,7,9,a,>5,1
EN644,L6,7,9,b,>5,1
EN644,L6,7,5,a,>5,1
EN644,L6,7,5,b,>5,1
EN644,L6,7,17,a,>20,2
EN644,L6,7,17,b,>20,2
EN644,L6,7,9,a,>20,1
EN644,L6,7,9,b,>20,1
EN644,L6,7,5,a,>20,1
EN644,L6,7,5,b,>20,1
EN644,L6,7,13,a,>5,1
EN644,L6,7,13,b,>5,1
EN644,L6,7,13,a,>20,1
EN644,L6,7,13,b,>20,1
EN644,L6,7,17,a,>0,
EN644,L6,7,17,b,>0,1
EN644,L6,7,16,a,>0,1
EN644,L6,7,16,b,>0,1
EN644,L6,7,12,a,>0,1
EN644,L6,7,12,b,>0,1
EN644,L6,7,9,a,>0,1
EN644,L6,7,9,b,>0,2
EN644,L6,7,7,a,>0,1
EN644,L6,7,7,b,>0,1
EN644,L6,7,5,a,>0,1
EN644,L6,7,5,b,>0,1
EN644,L6,7,3,a,>0,1
EN644,L6,7,3,b,>0,1
EN644,L6,7,2,a,>0,1
EN644,L6,7,2,b,>0,1
EN644,L6,7,17,a,<10,1
EN644,L6,7,17,b,<10,1
EN644,L6,7,9,a,<10,2
EN644,L6,7,9,b,<10,2
EN644,L6,7,5,a,<10,1
EN644,L6,7,5,b,<10,1
EN644,L7,8,21,a,>5,1
EN644,L7,8,21,b,>5,1
EN644,L7,8,10,a,>5,1
EN644,L7,8,10,b,>5,1
EN644,L7,8,8,a,>5,1
EN644,L7,8,8,b,>5,1
EN644,L7,8,21,a,>20,1
EN644,L7,8,21,b,>20,1
EN644,L7,8,10,a,>20,1
EN644,L7,8,10,b,>20,1
EN644,L7,8,8,a,>20,1
EN644,L7,8,8,b,>20,1
EN644,L7,8,21,a,>0,1
EN644,L7,8,21,b,>0,1
EN644,L7,8,15,a,>0,1
EN644,L7,8,15,b,>0,1
EN644,L7,8,13,a,>0,1
EN644,L7,8,13,b,>0,1
EN644,L7,8,10,a,>0,1
EN644,L7,8,10,b,>0,1
EN644,L7,8,8,a,>0,1
EN644,L7,8,8,b,>0,1
EN644,L7,8,6,a,>0,1
EN644,L7,8,6,b,>0,1
EN644,L7,8,3,a,>0,1
EN644,L7,8,3,b,>0,1
EN644,L7,8,2,a,>0,1
EN644,L7,8,2,b,>0,1
EN644,L7,8,19,a,<10,1
EN644,L7,8,19,b,<10,1
EN644,L8,9,18,a,>5,1
EN644,L8,9,18,b,>5,1
EN644,L8,9,14,a,>5,1
EN644,L8,9,14,b,>5,1
EN644,L8,9,8,a,>5,1
EN644,L8,9,8,b,>5,1
EN644,L8,9,5,a,>5,1
EN644,L8,9,5,b,>5,1
EN644,L8,9,18,a,>20,1
EN644,L8,9,18,b,>20,2
EN644,L8,9,14,a,>20,2
EN644,L8,9,14,b,>20,2
EN644,L8,9,8,a,>20,1
EN644,L8,9,8,b,>20,2
EN644,L8,9,5,a,>20,1
EN644,L8,9,5,b,>20,1
EN644,L8,9,18,a,>0,1
EN644,L8,9,18,b,>0,2
EN644,L8,9,14,a,>0,1
EN644,L8,9,14,b,>0,1
EN644,L8,9,13,a,>0,1
EN644,L8,9,13,b,>0,1
EN644,L8,9,8,a,>0,1
EN644,L8,9,8,b,>0,1
EN644,L8,9,5,a,>0,1
EN644,L8,9,5,b,>0,1
EN644,L8,9,3,a,>0,1
EN644,L8,9,3,b,>0,1
EN644,L8,9,2,a,>0,1
EN644,L8,9,2,b,>0,1
EN644,L8,9,1,a,>0,1
EN644,L8,9,1,b,>0,1
EN644,L8,9,18,a,<10,1
EN644,L8,9,18,b,<10,1
EN644,L8,9,8,a,<10,1
EN644,L8,9,8,b,<10,1
EN644,L8,9,5,a,<10,1
EN644,L8,9,5,b,<10,1
EN644,L9,12,18,a,>5,1
EN644,L9,12,18,b,>5,1
EN644,L9,12,10,a,>5,1
EN644,L9,12,10,b,>5,1
EN644,L9,12,7,a,>5,1
EN644,L9,12,7,b,>5,1
EN644,L9,12,18,a,>20,1
EN644,L9,12,18,b,>20,1
EN644,L9,12,10,a,>20,1
EN644,L9,12,10,b,>20,1
EN644,L9,12,7,a,>20,1
EN644,L9,12,7,b,>20,1
EN644,L9,12,18,a,>0,1
EN644,L9,12,18,b,>0,1
EN644,L9,12,16,a,>0,1
EN644,L9,12,16,b,>0,1
EN644,L9,12,15,a,>0,1
EN644,L9,12,15,b,>0,1
EN644,L9,12,13,a,>0,1
EN644,L9,12,13,b,>0,1
EN644,L9,12,10,a,>0,1
EN644,L9,12,10,b,>0,1
EN644,L9,12,7,a,>0,
EN644,L9,12,7,b,>0,1
EN644,L9,12,5,a,>0,1
EN644,L9,12,5,b,>0,1
EN644,L9,12,3,a,>0,2
EN644,L9,12,3,b,>0,1
EN644,L9,12,2,a,>0,1
EN644,L9,12,2,b,>0,1
EN644,L9,12,18,a,<10,1
EN644,L9,12,18,b,<10,1
EN644,L10,13,18,a,>5,1
EN644,L10,13,18,b,>5,1
EN644,L10,13,9,a,>5,2
EN644,L10,13,9,b,>5,1
EN644,L10,13,5,a,>5,2
EN644,L10,13,5,b,>5,2
EN644,L10,13,18,a,>20,1
EN644,L10,13,18,b,>20,3
EN644,L10,13,9,a,>20,1
EN644,L10,13,9,b,>20,1
EN644,L10,13,5,a,>20,1
EN644,L10,13,5,b,>20,1
EN644,L10,13,14,a,>5,2
EN644,L10,13,14,b,>5,2
EN644,L10,13,14,a,>20,3
EN644,L10,13,14,b,>20,2
EN644,L10,13,18,a,>0,1
EN644,L10,13,18,b,>0,1
EN644,L10,13,14,a,>0,1
EN644,L10,13,14,b,>0,1
EN644,L10,13,13,a,>0,1
EN644,L10,13,13,b,>0,1
EN644,L10,13,9,a,>0,1
EN644,L10,13,9,b,>0,1
EN644,L10,13,5,a,>0,3
EN644,L10,13,5,b,>0,1
EN644,L10,13,3,a,>0,1
EN644,L10,13,3,b,>0,1
EN644,L10,13,2,a,>0,1
EN644,L10,13,2,b,>0,1
EN644,L10,13,18,a,<10,1
EN644,L10,13,18,b,<10,1
EN644,L10,13,14,a,<10,1
EN644,L10,13,14,b,<10,1
EN644,L10,13,8,a,<10,1
EN644,L10,13,8,b,<10,1
EN644,L11,17,18,a,>5,1
EN644,L11,17,18,b,>5,1
EN644,L11,17,10,a,>5,1
EN644,L11,17,10,b,>5,1
EN644,L11,17,7,a,>5,1
EN644,L11,17,7,b,>5,1
EN644,L11,17,18,a,>20,3
EN644,L11,17,18,b,>20,2
EN644,L11,17,10,a,>20,1
EN644,L11,17,10,b,>20,1
EN644,L11,17,7,a,>20,1
EN644,L11,17,7,b,>20,1
EN644,L11,17,14,a,>5,1
EN644,L11,17,14,b,>5,1
EN644,L11,17,14,a,>20,3
EN644,L11,17,14,b,>20,3
EN644,L11,17,18,a,>0,1
EN644,L11,17,18,b,>0,1
EN644,L11,17,14,a,>0,1
EN644,L11,17,14,b,>0,1
EN644,L11,17,10,a,>0,1
EN644,L11,17,10,b,>0,1
EN644,L11,17,7,a,>0,1
EN644,L11,17,7,b,>0,1
EN644,L11,17,4,a,>0,1
EN644,L11,17,4,b,>0,1
EN644,L11,17,3,a,>0,1
EN644,L11,17,3,b,>0,1
EN644,L11,17,2,a,>0,1
EN644,L11,17,2,b,>0,1
EN644,L11,17,1,a,>0,1
EN644,L11,17,1,b,>0,1
EN644,L11,17,18,a,<10,1
EN644,L11,17,18,b,<10,1
EN644,L5,22,20,a,>5,1
EN644,L5,22,20,b,>5,2
EN644,L5,22,14,a,>5,1
EN644,L5,22,14,b,>5,1
EN644,L5,22,9,a,>5,1
EN644,L5,22,9,b,>5,1
EN644,L5,22,20,a,>20,1
EN644,L5,22,20,b,>20,1
EN644,L5,22,14,a,>20,2
EN644,L5,22,14,b,>20,1
EN644,L5,22,9,a,>20,1
EN644,L5,22,9,b,>20,1
EN644,L5,22,20,a,>0,1
EN644,L5,22,20,b,>0,1
EN644,L5,22,14,a,>0,1
EN644,L5,22,14,b,>0,1
EN644,L5,22,9,a,>0,1
EN644,L5,22,9,b,>0,1
EN644,L5,22,6,a,>0,1
EN644,L5,22,6,b,>0,1
EN644,L5,22,4,a,>0,1
EN644,L5,22,4,b,>0,1
EN644,L5,22,2,a,>0,1
EN644,L5,22,2,b,>0,1
EN644,L5,22,20,a,<10,1
EN644,L5,22,20,b,<10,1
EN644,L4,23,18,a,>5,1
EN644,L4,23,18,b,>5,1
EN644,L4,23,13,a,>5,1
EN644,L4,23,13,b,>5,1
EN644,L4,23,5,a,>5,2
EN644,L4,23,5,b,>5,2
EN644,L4,23,10,a,>5,1
EN644,L4,23,10,b,>5,1
EN644,L4,23,18,a,>20,1
EN644,L4,23,18,b,>20,1
EN644,L4,23,13,a,>20,1
EN644,L4,23,13,b,>20,1
EN644,L4,23,5,a,>20,1
EN644,L4,23,5,b,>20,1
EN644,L4,23,10,a,>20,1
EN644,L4,23,10,b,>20,1
EN644,L4,23,18,a,>0,1
EN644,L4,23,18,b,>0,1
EN644,L4,23,13,a,>0,2
EN644,L4,23,13,b,>0,2
EN644,L4,23,10,a,>0,1
EN644,L4,23,10,b,>0,1
EN644,L4,23,5,a,>0,1
EN644,L4,23,5,b,>0,1
EN644,L4,23,3,a,>0,1
EN644,L4,23,3,b,>0,1
EN644,L4,23,2,a,>0,1
EN644,L4,23,2,b,>0,1
EN644,L4,23,18,a,<10,1
EN644,L4,23,18,b,<10,1
EN644,L4,23,13,a,<10,1
EN644,L4,23,13,b,<10,3
EN644,L4,23,10,a,<10,1
EN644,L4,23,10,b,<10,1
EN644,MVCO,29,8,a,>5,2
EN644,MVCO,29,8,b,>5,2
EN644,MVCO,29,4,a,>5,2
EN644,MVCO,29,4,b,>5,2
EN644,MVCO,29,2,a,>5,2
EN644,MVCO,29,2,b,>5,2
EN644,MVCO,29,8,a,>20,2
EN644,MVCO,29,8,b,>20,2
EN644,MVCO,29,4,a,>20,2
EN644,MVCO,29,4,b,>20,2
EN644,MVCO,29,2,a,>20,2
EN644,MVCO,29,2,b,>20,2
EN644,MVCO,29,8,a,>0,1
EN644,MVCO,29,8,b,>0,1
EN644,MVCO,29,4,a,>0,1
EN644,MVCO,29,4,b,>0,1
EN644,MVCO,29,2,a,>0,1
EN644,MVCO,29,2,b,>0,1
EN644,MVCO,29,8,a,<10,1
EN644,MVCO,29,8,b,<10,1
EN644,MVCO,29,4,a,<10,2
EN644,MVCO,29,4,b,<10,2
EN644,MVCO,29,2,a,<10,1
EN644,MVCO,29,2,b,<10,1
AR39A,L6,1,3,a,>0,
AR39A,L6,1,4,a,>0,
AR39A,L6,1,5,a,>0,
AR39A,L6,1,6,a,>0,
AR39A,L6,1,7,a,>0,
AR39A,L6,1,8,a,>0,
AR39A,L8,2,5,a,>0,
AR39A,L8,2,6,a,>0,
AR39A,L8,2,7,a,>0,
AR39A,L8,2,8,a,>0,
AR39A,,3,5,a,>0,
AR39A,,3,6,a,>0,
AR39A,,3,7,a,>0,
AR39A,,3,8,a,>0,
AR39A,L8,4,5,a,>0,
AR39A,L8,4,6,a,>0,
AR39A,L8,4,7,a,>0,
AR39A,L8,4,8,a,>0,
AR39A,L10,5,7,a,>0,
AR39A,L10,5,8,a,>0,
AR39A,L10,6,8,a,>0,
AR39A,L10,6,9,a,>0,
AR39A,L12,7,5,a,>0,
AR39A,L12,7,6,a,>0,
AR39A,L12,7,7,a,>0,
AR39A,L12,7,8,a,>0,
AR39A,L13,13,1,a,>0,
AR39A,L13,13,3,a,>0,
AR39A,L13,13,4,a,>0,
AR39A,L13,13,5,a,>0,
AR39A,L13,13,6,a,>0,
AR39A,L13,13,7,a,>0,
AR39A,,14,5,a,>0,
AR39A,,14,6,a,>0,
AR39A,,14,7,a,>0,
AR39A,,14,8,a,>0,
AR39A,,20,1,a,>0,
AR39A,,20,3,a,>0,
AR39A,,20,4,a,>0,
AR39A,,20,5,a,>0,
AR39A,,20,6,a,>0,
AR39A,,20,7,a,>0,
AR39B,L1,1,2,a,>0,1
AR39B,L1,1,2,b,>0,1
AR39B,L1,1,4,a,>0,1
AR39B,L1,1,4,b,>0,1
AR39B,L1,1,4,a,<10,1
AR39B,L1,1,4,b,<10,1
AR39B,L2,2,2,a,>0,1
AR39B,L2,2,2,b,>0,1
AR39B,L2,2,4,a,>0,1
AR39B,L2,2,4,b,>0,1
AR39B,L2,2,4,a,>5,1
AR39B,L2,2,4,b,>5,1
AR39B,L2,2,4,a,>20,2
AR39B,L2,2,4,b,>20,2
AR39B,L2,2,7,a,>0,1
AR39B,L2,2,7,b,>0,1
AR39B,L2,2,7,a,>5,1
AR39B,L2,2,7,b,>5,2
AR39B,L2,2,7,a,>20,1
AR39B,L2,2,7,b,>20,2
AR39B,L2,2,11,a,>0,2
AR39B,L2,2,11,b,>0,1
AR39B,L2,2,11,a,<10,1
AR39B,L2,2,11,b,<10,1
AR39B,L2,2,11,a,>5,1
AR39B,L2,2,11,b,>5,1
AR39B,L2,2,11,a,>20,3
AR39B,L2,2,11,b,>20,3
AR39B,L3,3,2,a,>0,1
AR39B,L3,3,2,b,>0,1
AR39B,L3,3,4,a,>0,1
AR39B,L3,3,4,b,>0,1
AR39B,L3,3,5,a,>0,1
AR39B,L3,3,5,b,>0,1
AR39B,L3,3,7,a,>0,1
AR39B,L3,3,7,b,>0,1
AR39B,L3,3,7,a,<10,1
AR39B,L3,3,7,b,<10,1
AR39B,L4,4,2,a,>0,1
AR39B,L4,4,2,b,>0,1
AR39B,L4,4,3,a,>0,1
AR39B,L4,4,3,b,>0,1
AR39B,L4,4,5,a,>0,1
AR39B,L4,4,5,b,>0,1
AR39B,L4,4,5,a,>5,1
AR39B,L4,4,5,b,>5,1
AR39B,L4,4,5,a,>20,1
AR39B,L4,4,5,b,>20,2
AR39B,L4,4,8,a,>0,1
AR39B,L4,4,8,b,>0,1
AR39B,L4,4,8,a,>5,2
AR39B,L4,4,8,b,>5,2
AR39B,L4,4,8,a,>20,3
AR39B,L4,4,8,b,>20,1
AR39B,L4,4,12,a,>0,1
AR39B,L4,4,12,b,>0,1
AR39B,L4,4,12,a,<10,1
AR39B,L4,4,12,b,<10,1
AR39B,L4,4,12,a,>5,1
AR39B,L4,4,12,b,>5,3
AR39B,L4,4,12,a,>20,1
AR39B,L4,4,12,b,>20,1
AR39B,L5,5,2,a,>0,1
AR39B,L5,5,2,b,>0,1
AR39B,L5,5,3,a,>0,1
AR39B,L5,5,3,b,>0,1
AR39B,L5,5,5,a,>0,1
AR39B,L5,5,5,b,>0,1
AR39B,L5,5,6,a,>0,1
AR39B,L5,5,6,b,>0,1
AR39B,L5,5,8,a,>0,1
AR39B,L5,5,8,b,>0,1
AR39B,L5,5,8,a,<10,1
AR39B,L5,5,8,b,<10,1
AR39B,L6,6,3,a,>0,1
AR39B,L6,6,3,b,>0,1
AR39B,L6,6,4,a,>0,1
AR39B,L6,6,4,b,>0,1
AR39B,L6,6,4,a,>5,1
AR39B,L6,6,4,b,>5,1
AR39B,L6,6,4,a,>20,1
AR39B,L6,6,4,b,>20,1
AR39B,L6,6,9,a,>0,1
AR39B,L6,6,9,b,>0,1
AR39B,L6,6,9,a,>5,1
AR39B,L6,6,9,b,>5,1
AR39B,L6,6,9,a,>20,1
AR39B,L6,6,9,b,>20,1
AR39B,L6,6,14,a,>0,1
AR39B,L6,6,14,b,>0,1
AR39B,L6,6,14,a,>5,1
AR39B,L6,6,14,b,>5,1
AR39B,L6,6,14,a,>20,1
AR39B,L6,6,14,b,>20,1
AR39B,L6,6,20,a,>0,1
AR39B,L6,6,20,b,>0,1
AR39B,L6,6,20,a,<10,1
AR39B,L6,6,20,b,<10,1
AR39B,L6,6,20,a,>5,1
AR39B,L6,6,20,b,>5,1
AR39B,L6,6,20,a,>20,1
AR39B,L6,6,20,b,>20,1
AR39B,L6,7,3,a,>0,1
AR39B,L6,7,4,a,>0,1
AR39B,L6,7,5,a,>0,1
AR39B,L6,7,6,a,>0,1
AR39B,L6,7,8,a,>0,1
AR39B,L6,7,9,a,>0,1
AR39B,L8,10,3,a,>0,1
AR39B,L8,10,3,b,>0,1
AR39B,L8,10,4,a,>0,1
AR39B,L8,10,4,b,>0,1
AR39B,L8,10,7,a,>0,1
AR39B,L8,10,7,b,>0,1
AR39B,L8,10,7,a,>5,1
AR39B,L8,10,7,b,>5,1
AR39B,L8,10,7,a,>20,1
AR39B,L8,10,7,b,>20,1
AR39B,L8,10,9,a,>0,1
AR39B,L8,10,9,b,>0,1
AR39B,L8,10,9,a,>5,1
AR39B,L8,10,9,b,>5,1
AR39B,L8,10,9,a,>20,1
AR39B,L8,10,9,b,>20,1
AR39B,L8,10,14,a,>0,1
AR39B,L8,10,14,b,>0,1
AR39B,L8,10,14,a,>5,1
AR39B,L8,10,14,b,>5,1
AR39B,L8,10,14,a,>20,1
AR39B,L8,10,14,b,>20,1
AR39B,L8,10,20,a,>0,1
AR39B,L8,10,20,b,>0,1
AR39B,L8,10,20,a,<10,1
AR39B,L8,10,20,b,<10,1
AR39B,L8,10,21,a,>5,1
AR39B,L8,10,21,b,>5,1
AR39B,L8,10,21,a,>20,1
AR39B,L8,10,21,b,>20,1
AR39B,L7,11,3,a,>0,1
AR39B,L7,11,3,b,>0,1
AR39B,L7,11,6,a,>0,1
AR39B,L7,11,6,b,>0,1
AR39B,L7,11,8,a,>0,1
AR39B,L7,11,8,b,>0,1
AR39B,L7,11,9,a,>0,1
AR39B,L7,11,9,b,>0,1
AR39B,L7,11,12,a,>0,1
AR39B,L7,11,12,b,>0,1
AR39B,L7,11,16,a,>0,1
AR39B,L7,11,16,b,>0,1
AR39B,L7,11,16,a,<10,1
AR39B,L7,11,16,b,<10,1
AR39B,L9,12,3,a,>0,1
AR39B,L9,12,3,b,>0,1
AR39B,L9,12,4,a,>0,1
AR39B,L9,12,4,b,>0,1
AR39B,L9,12,7,a,>0,1
AR39B,L9,12,7,b,>0,1
AR39B,L9,12,8,a,>0,1
AR39B,L9,12,8,b,>0,1
AR39B,L9,12,11,a,>0,1
AR39B,L9,12,11,b,>0,1
AR39B,L9,12,14,a,>0,1
AR39B,L9,12,14,b,>0,1
AR39B,L9,12,14,a,<10,1
AR39B,L9,12,14,b,<10,1
AR39B,L11,13,4,a,>0,1
AR39B,L11,13,4,b,>0,1
AR39B,L11,13,4,a,>5,1
AR39B,L11,13,4,b,>5,1
AR39B,L11,13,4,a,>20,1
AR39B,L11,13,4,b,>20,1
AR39B,L11,13,7,a,>0,1
AR39B,L11,13,7,b,>0,1
AR39B,L11,13,7,a,>5,1
AR39B,L11,13,7,b,>5,1
AR39B,L11,13,7,a,>20,1
AR39B,L11,13,7,b,>20,1
AR39B,L11,13,11,a,>0,1
AR39B,L11,13,11,b,>0,1
AR39B,L11,13,12,a,>0,1
AR39B,L11,13,12,b,>0,1
AR39B,L11,13,12,a,>5,1
AR39B,L11,13,12,b,>5,1
AR39B,L11,13,12,a,>20,1
AR39B,L11,13,12,b,>20,1
AR39B,L11,13,15,a,>0,1
AR39B,L11,13,15,b,>0,1
AR39B,L11,13,15,a,<10,1
AR39B,L11,13,15,b,<10,1
AR39B,L11,13,15,a,>5,1
AR39B,L11,13,15,b,>5,1
AR39B,L11,13,15,a,>20,1
AR39B,L11,13,15,b,>20,1
AR39B,L10,14,5,a,>0,1
AR39B,L10,14,5,b,>0,1
AR39B,L10,14,6,a,>0,1
AR39B,L10,14,6,b,>0,1
AR39B,L10,14,7,a,>0,1
AR39B,L10,14,7,b,>0,1
AR39B,L10,14,9,a,>0,1
AR39B,L10,14,9,b,>0,1
AR39B,L10,14,11,a,>0,1
AR39B,L10,14,11,b,>0,1
AR39B,L10,14,11,a,<10,1
AR39B,L10,14,11,b,<10,1
AR39B,L10,15,3,a,>0,1
AR39B,L10,15,4,a,>0,1
AR39B,L10,15,5,a,>0,1
AR39B,L10,15,6,a,>0,1
AR39B,L10,15,7,a,>0,1
AR39B,L10,15,8,a,>0,1
AR39B,L12,16,7,a,>0,1
AR39B,L12,16,7,b,>0,1
EN649,L1,1,2,a,>0,1
EN649,L1,1,2,b,>0,1
EN649,L1,1,2,a,<10,1
EN649,L1,1,2,b,<10,1
EN649,L1,1,2,a,>5,1
EN649,L1,1,2,b,>5,1
EN649,L1,1,2,a,>20,1
EN649,L1,1,2,b,>20,1
EN649,L1,1,7,a,>0,1
EN649,L1,1,7,b,>0,1
EN649,L1,1,7,a,<10,1
EN649,L1,1,7,b,<10,1
EN649,L1,1,7,a,>5,1
EN649,L1,1,7,b,>5,1
EN649,L1,1,7,a,>20,1
EN649,L1,1,7,b,>20,1
EN649,L1,1,13,a,>0,1
EN649,L1,1,13,b,>0,1
EN649,L1,1,13,a,<10,1
EN649,L1,1,13,b,<10,1
EN649,L1,1,13,a,>5,1
EN649,L1,1,13,b,>5,1
EN649,L1,1,13,a,>20,1
EN649,L1,1,13,b,>20,1
EN649,MVCO,2,1,a,>0,1
EN649,MVCO,2,1,b,>0,1
EN649,MVCO,2,1,a,<10,1
EN649,MVCO,2,1,b,<10,1
EN649,MVCO,2,1,a,>5,1
EN649,MVCO,2,1,b,>5,1
EN649,MVCO,2,1,a,>20,1
EN649,MVCO,2,1,b,>20,1
EN649,MVCO,2,3,a,>0,1
EN649,MVCO,2,3,b,>0,1
EN649,MVCO,2,3,a,<10,1
EN649,MVCO,2,3,b,<10,1
EN649,MVCO,2,3,a,>5,1
EN649,MVCO,2,3,b,>5,1
EN649,MVCO,2,3,a,>20,1
EN649,MVCO,2,3,b,>20,1
EN649,MVCO,2,6,a,>0,1
EN649,MVCO,2,6,b,>0,1
EN649,MVCO,2,6,a,<10,1
EN649,MVCO,2,6,b,<10,1
EN649,MVCO,2,6,a,>5,1
EN649,MVCO,2,6,b,>5,1
EN649,MVCO,2,6,a,>20,1
EN649,MVCO,2,6,b,>20,1
EN649,L2,5,1,a,>0,1
EN649,L2,5,1,b,>0,1
EN649,L2,5,3,a,>0,1
EN649,L2,5,3,b,>0,1
EN649,L2,5,3,a,<10,1
EN649,L2,5,3,b,<10,1
EN649,L2,5,3,a,>5,1
EN649,L2,5,3,b,>5,1
EN649,L2,5,3,a,>20,1
EN649,L2,5,3,b,>20,1
EN649,L2,5,7,a,>0,1
EN649,L2,5,7,b,>0,1
EN649,L2,5,7,a,<10,1
EN649,L2,5,7,b,<10,1
EN649,L2,5,7,a,>5,1
EN649,L2,5,7,b,>5,1
EN649,L2,5,7,a,>20,1
EN649,L2,5,7,b,>20,1
EN649,L2,5,12,a,>0,1
EN649,L2,5,12,b,>0,1
EN649,L2,5,12,a,<10,1
EN649,L2,5,12,b,<10,1
EN649,L2,5,12,a,>5,1
EN649,L2,5,12,b,>5,1
EN649,L2,5,12,a,>20,1
EN649,L2,5,12,b,>20,1
EN649,L3,6,1,a,>0,2
EN649,L3,6,1,b,>0,2
EN649,L3,6,3,a,>0,1
EN649,L3,6,3,b,>0,1
EN649,L3,6,3,a,>5,1
EN649,L3,6,3,b,>5,1
EN649,L3,6,3,a,>20,1
EN649,L3,6,3,b,>20,1
EN649,L3,6,6,a,>0,1
EN649,L3,6,6,b,>0,1
EN649,L3,6,6,a,>5,1
EN649,L3,6,6,b,>5,2
EN649,L3,6,6,a,>20,1
EN649,L3,6,6,b,>20,1
EN649,L3,6,9,a,>0,1
EN649,L3,6,9,b,>0,1
EN649,L3,6,9,a,<10,1
EN649,L3,6,9,b,<10,1
EN649,L3,6,9,a,>5,1
EN649,L3,6,9,b,>5,1
EN649,L3,6,9,a,>20,2
EN649,L3,6,9,b,>20,1
EN649,L7,7,1,a,>0,1
EN649,L7,7,1,b,>0,1
EN649,L7,7,3,a,>0,1
EN649,L7,7,3,b,>0,1
EN649,L7,7,6,a,>0,1
EN649,L7,7,6,b,>0,1
EN649,L7,7,8,a,>0,1
EN649,L7,7,8,b,>0,1
EN649,L7,7,8,a,>5,2
EN649,L7,7,8,b,>5,2
EN649,L7,7,8,a,>20,2
EN649,L7,7,8,b,>20,2
EN649,L7,7,11,a,>0,1
EN649,L7,7,11,b,>0,1
EN649,L7,7,11,a,>5,2
EN649,L7,7,11,b,>5,2
EN649,L7,7,11,a,>20,2
EN649,L7,7,11,b,>20,2
EN649,L7,7,13,a,>0,1
EN649,L7,7,13,b,>0,1
EN649,L7,7,16,a,>0,1
EN649,L7,7,16,b,>0,1
EN649,L7,7,16,a,<10,1
EN649,L7,7,16,b,<10,2
EN649,L7,7,16,a,>5,2
EN649,L7,7,16,b,>5,2
EN649,L7,7,16,a,>20,2
EN649,L7,7,16,b,>20,2
EN649,L8,8,1,a,>0,1
EN649,L8,8,1,b,>0,1
EN649,L8,8,2,a,>0,1
EN649,L8,8,2,b,>0,1
EN649,L8,8,4,a,>0,1
EN649,L8,8,4,b,>0,1
EN649,L8,8,6,a,>0,1
EN649,L8,8,6,b,>0,1
EN649,L8,8,6,a,<10,1
EN649,L8,8,6,b,<10,1
EN649,L8,8,6,a,>5,3
EN649,L8,8,6,b,>5,1
EN649,L8,8,6,a,>20,1
EN649,L8,8,6,b,>20,1
EN649,L8,8,10,a,>0,1
EN649,L8,8,10,b,>0,1
EN649,L8,8,12,a,>0,1
EN649,L8,8,12,b,>0,1
EN649,L8,8,12,a,<10,1
EN649,L8,8,12,b,<10,1
EN649,L8,8,12,a,>5,1
EN649,L8,8,12,b,>5,1
EN649,L8,8,12,a,>20,1
EN649,L8,8,12,b,>20,1
EN649,L8,8,16,a,>0,1
EN649,L8,8,16,b,>0,1
EN649,L8,8,18,a,>0,1
EN649,L8,8,18,b,>0,1
EN649,L8,8,18,a,<10,1
EN649,L8,8,18,b,<10,1
EN649,L8,8,18,a,>5,1
EN649,L8,8,18,b,>5,1
EN649,L8,8,18,a,>20,1
EN649,L8,8,18,b,>20,1
EN649,L9,11,1,a,>0,1
EN649,L9,11,1,b,>0,1
EN649,L9,11,3,a,>0,1
EN649,L9,11,3,b,>0,1
EN649,L9,11,5,a,>0,1
EN649,L9,11,5,b,>0,1
EN649,L9,11,7,a,>0,1
EN649,L9,11,7,b,>0,1
EN649,L9,11,7,a,>5,1
EN649,L9,11,7,b,>5,1
EN649,L9,11,7,a,>20,1
EN649,L9,11,7,b,>20,1
EN649,L9,11,9,a,>0,1
EN649,L9,11,9,b,>0,1
EN649,L9,11,11,a,>0,1
EN649,L9,11,11,b,>0,1
EN649,L9,11,11,a,>5,1
EN649,L9,11,11,b,>5,1
EN649,L9,11,11,a,>20,1
EN649,L9,11,11,b,>20,1
EN649,L9,11,13,a,>0,1
EN649,L9,11,13,b,>0,1
EN649,L9,11,15,a,>0,1
EN649,L9,11,15,b,>0,1
EN649,L9,11,15,a,<10,1
EN649,L9,11,15,b,<10,1
EN649,L9,11,15,a,>5,1
EN649,L9,11,15,b,>5,1
EN649,L9,11,15,a,>20,1
EN649,L9,11,15,b,>20,1
EN649,L10,12,4,a,>0,1
EN649,L10,12,4,b,>0,1
EN649,L10,12,5,a,>0,1
EN649,L10,12,5,b,>0,1
EN649,L10,12,6,a,>0,1
EN649,L10,12,6,b,>0,1
EN649,L10,12,6,a,>5,1
EN649,L10,12,6,b,>5,1
EN649,L10,12,6,a,>20,3
EN649,L10,12,6,b,>20,1
EN649,L10,12,10,a,>0,1
EN649,L10,12,10,b,>0,1
EN649,L10,12,10,a,<10,1
EN649,L10,12,10,b,<10,1
EN649,L10,12,10,a,>5,1
EN649,L10,12,10,b,>5,1
EN649,L10,12,10,a,>20,1
EN649,L10,12,10,b,>20,1
EN649,L10,12,13,a,>0,1
EN649,L10,12,13,b,>0,1
EN649,L10,12,15,a,>0,1
EN649,L10,12,15,b,>0,1
EN649,L10,12,15,a,<10,1
EN649,L10,12,15,b,<10,1
EN649,L10,12,15,a,>5,1
EN649,L10,12,15,b,>5,1
EN649,L10,12,15,a,>20,1
EN649,L10,12,15,b,>20,1
EN649,L10,12,19,a,>0,1
EN649,L10,12,19,b,>0,1
EN649,L10,12,19,a,<10,1
EN649,L10,12,19,b,<10,1
EN649,L10,12,19,a,>5,1
EN649,L10,12,19,b,>5,1
EN649,L10,12,19,a,>20,1
EN649,L10,12,19,b,>20,1
EN649,L11,16,6,a,>0,1
EN649,L11,16,6,b,>0,1
EN649,L11,16,6,a,>5,1
EN649,L11,16,6,b,>5,1
EN649,L11,16,6,a,>20,2
EN649,L11,16,6,b,>20,2
EN649,L11,16,8,a,>0,1
EN649,L11,16,8,b,>0,1
EN649,L11,16,8,a,<10,1
EN649,L11,16,8,b,<10,1
EN649,L11,16,8,a,>5,1
EN649,L11,16,8,b,>5,1
EN649,L11,16,8,a,>20,1
EN649,L11,16,8,b,>20,1
EN649,L11,16,13,a,>0,1
EN649,L11,16,13,b,>0,1
EN649,L11,16,13,a,<10,1
EN649,L11,16,13,b,<10,1
EN649,L11,16,13,a,>5,1
EN649,L11,16,13,b,>5,1
EN649,L11,16,13,a,>20,1
EN649,L11,16,13,b,>20,1
EN649,L11,16,17,a,>0,1
EN649,L11,16,17,b,>0,1
EN649,L11,16,17,a,<10,1
EN649,L11,16,17,b,<10,1
EN649,L11,16,21,a,>0,1
EN649,L11,16,21,b,>0,1
EN649,L11,16,21,a,<10,1
EN649,L11,16,21,b,<10,1
EN649,L11,16,21,a,>5,1
EN649,L11,16,21,b,>5,1
EN649,L11,16,21,a,>20,1
EN649,L11,16,21,b,>20,1
EN649,L6,19,1,a,>0,1
EN649,L6,19,1,b,>0,1
EN649,L6,19,2,a,>0,1
EN649,L6,19,2,b,>0,1
EN649,L6,19,3,a,>0,1
EN649,L6,19,3,b,>0,1
EN649,L6,19,4,a,>0,1
EN649,L6,19,4,b,>0,1
EN649,L6,19,4,a,>5,1
EN649,L6,19,4,b,>5,1
EN649,L6,19,4,a,>20,1
EN649,L6,19,4,b,>20,1
EN649,L6,19,9,a,>0,1
EN649,L6,19,9,b,>0,1
EN649,L6,19,9,a,<10,1
EN649,L6,19,9,b,<10,1
EN649,L6,19,9,a,>5,1
EN649,L6,19,9,b,>5,1
EN649,L6,19,9,a,>20,1
EN649,L6,19,9,b,>20,1
EN649,L6,19,14,a,>0,1
EN649,L6,19,14,b,>0,1
EN649,L6,19,14,a,<10,1
EN649,L6,19,14,b,<10,1
EN649,L6,19,14,a,>5,1
EN649,L6,19,14,b,>5,1
EN649,L6,19,14,a,>20,1
EN649,L6,19,14,b,>20,1
EN649,L6,19,19,a,>0,1
EN649,L6,19,19,b,>0,1
EN649,L6,19,19,a,<10,1
EN649,L6,19,19,b,<10,1
EN649,L6,19,19,a,>5,1
EN649,L6,19,19,b,>5,1
EN649,L6,19,19,a,>20,1
EN649,L6,19,19,b,>20,1
EN649,L5,20,1,a,>0,1
EN649,L5,20,1,b,>0,1
EN649,L5,20,3,a,>0,1
EN649,L5,20,3,b,>0,1
EN649,L5,20,7,a,>0,1
EN649,L5,20,7,b,>0,1
EN649,L5,20,10,a,>0,1
EN649,L5,20,10,b,>0,1
EN649,L5,20,10,a,>5,1
EN649,L5,20,10,b,>5,2
EN649,L5,20,10,a,>20,1
EN649,L5,20,10,b,>20,1
EN649,L5,20,12,a,>0,1
EN649,L5,20,12,b,>0,1
EN649,L5,20,12,a,>5,1
EN649,L5,20,12,b,>5,1
EN649,L5,20,12,a,>20,1
EN649,L5,20,12,b,>20,1
EN649,L5,20,14,a,>0,1
EN649,L5,20,14,b,>0,1
EN649,L5,20,14,a,<10,1
EN649,L5,20,14,b,<10,1
EN649,L5,20,14,a,>5,1
EN649,L5,20,14,b,>5,1
EN649,L5,20,14,a,>20,1
EN649,L5,20,14,b,>20,2
EN649,L4,21,1,a,>0,1
EN649,L4,21,1,b,>0,1
EN649,L4,21,3,a,>0,1
EN649,L4,21,3,b,>0,1
EN649,L4,21,5,a,>0,1
EN649,L4,21,5,b,>0,1
EN649,L4,21,5,a,<10,1
EN649,L4,21,5,b,<10,1
EN649,L4,21,5,a,>5,1
EN649,L4,21,5,b,>5,1
EN649,L4,21,5,a,>20,1
EN649,L4,21,5,b,>20,1
EN649,L4,21,9,a,>0,1
EN649,L4,21,9,b,>0,1
EN649,L4,21,12,a,>0,1
EN649,L4,21,12,b,>0,1
EN649,L4,21,12,a,<10,1
EN649,L4,21,12,b,<10,1
EN649,L4,21,12,a,>5,1
EN649,L4,21,12,b,>5,1
EN649,L4,21,12,a,>20,1
EN649,L4,21,12,b,>20,1
EN649,L4,21,18,a,>0,1
EN649,L4,21,18,b,>0,1
EN649,L4,21,18,a,<10,1
EN649,L4,21,18,b,<10,1
EN649,L4,21,18,a,>5,1
EN649,L4,21,18,b,>5,2
EN649,L4,21,18,a,>20,1
EN649,L4,21,18,b,>20,1
